﻿<?xml version="1.0" encoding="UTF-8"?>
<Form xmlns="http://v8.1c.ru/8.3/xcf/logform" xmlns:app="http://v8.1c.ru/8.2/managed-application/core" xmlns:cfg="http://v8.1c.ru/8.1/data/enterprise/current-config" xmlns:dcscor="http://v8.1c.ru/8.1/data-composition-system/core" xmlns:dcsset="http://v8.1c.ru/8.1/data-composition-system/settings" xmlns:ent="http://v8.1c.ru/8.1/data/enterprise" xmlns:lf="http://v8.1c.ru/8.2/managed-application/logform" xmlns:style="http://v8.1c.ru/8.1/data/ui/style" xmlns:sys="http://v8.1c.ru/8.1/data/ui/fonts/system" xmlns:v8="http://v8.1c.ru/8.1/data/core" xmlns:v8ui="http://v8.1c.ru/8.1/data/ui" xmlns:web="http://v8.1c.ru/8.1/data/ui/colors/web" xmlns:win="http://v8.1c.ru/8.1/data/ui/colors/windows" xmlns:xr="http://v8.1c.ru/8.3/xcf/readable" xmlns:xs="http://www.w3.org/2001/XMLSchema" xmlns:xsi="http://www.w3.org/2001/XMLSchema-instance" version="2.20">
	<WindowOpeningMode>LockOwnerWindow</WindowOpeningMode>
	<AutoCommandBar name="ФормаКоманднаяПанель" id="-1">
		<Autofill>false</Autofill>
	</AutoCommandBar>
	<Events>
		<Event name="OnOpen">ПриОткрытии</Event>
		<Event name="BeforeClose">ПередЗакрытием</Event>
		<Event name="OnCreateAtServer">ПриСозданииНаСервере</Event>
	</Events>
	<ChildItems>
		<Pages name="ГруппаСтраницы" id="31">
			<Title>
				<v8:item>
					<v8:lang>ru</v8:lang>
					<v8:content>Группа страницы</v8:content>
				</v8:item>
			</Title>
			<ToolTip>
				<v8:item>
					<v8:lang>ru</v8:lang>
					<v8:content>Группа страницы</v8:content>
				</v8:item>
			</ToolTip>
			<HorizontalStretch>true</HorizontalStretch>
			<VerticalStretch>true</VerticalStretch>
			<PagesRepresentation>TabsOnLeftHorizontal</PagesRepresentation>
			<ExtendedTooltip name="ГруппаСтраницыРасширеннаяПодсказка" id="32"/>
			<ChildItems>
				<Page name="СтраницаВычисляемыеПодсистемы" id="33">
					<Title>
						<v8:item>
							<v8:lang>ru</v8:lang>
							<v8:content>Вычисляемые подсистемы</v8:content>
						</v8:item>
					</Title>
					<ToolTip>
						<v8:item>
							<v8:lang>ru</v8:lang>
							<v8:content>Подсистемы в основе которых присутствуют вычисления.</v8:content>
						</v8:item>
					</ToolTip>
					<HorizontalStretch>true</HorizontalStretch>
					<VerticalStretch>true</VerticalStretch>
					<ScrollOnCompress>true</ScrollOnCompress>
					<ExtendedTooltip name="СтраницаВычисляемыеПодсистемыРасширеннаяПодсказка" id="34"/>
					<ChildItems>
						<Pages name="СтраницыВычисляемыхПодсистем" id="35">
							<Title>
								<v8:item>
									<v8:lang>ru</v8:lang>
									<v8:content>Вычисляемые подсистемы</v8:content>
								</v8:item>
							</Title>
							<HorizontalStretch>true</HorizontalStretch>
							<VerticalStretch>true</VerticalStretch>
							<ExtendedTooltip name="СтраницыВычисляемыхПодсистемРасширеннаяПодсказка" id="36"/>
							<ChildItems>
								<Page name="СтраницаСлужебные" id="37">
									<Title>
										<v8:item>
											<v8:lang>ru</v8:lang>
											<v8:content>Служебные</v8:content>
										</v8:item>
									</Title>
									<HorizontalStretch>true</HorizontalStretch>
									<VerticalStretch>true</VerticalStretch>
									<ExtendedTooltip name="СтраницаСлужебныеРасширеннаяПодсказка" id="38"/>
									<ChildItems>
										<InputField name="PAPI_ДатаЗапретаОбменаДокументов" id="19">
											<DataPath>НаборКонстант.PAPI_ДатаЗапретаОбменаДокументов</DataPath>
											<Title>
												<v8:item>
													<v8:lang>ru</v8:lang>
													<v8:content>Дата запрета обмена</v8:content>
												</v8:item>
											</Title>
											<TitleLocation>Right</TitleLocation>
											<ToolTipRepresentation>Button</ToolTipRepresentation>
											<AutoMaxWidth>false</AutoMaxWidth>
											<HorizontalStretch>true</HorizontalStretch>
											<ExtendedEditMultipleValues>true</ExtendedEditMultipleValues>
											<ContextMenu name="PAPI_ДатаЗапретаОбменаДокументовКонтекстноеМеню" id="20"/>
											<ExtendedTooltip name="PAPI_ДатаЗапретаОбменаДокументовРасширеннаяПодсказка" id="21">
												<Title formatted="true">
													<v8:item>
														<v8:lang>ru</v8:lang>
														<v8:content>Если нужна проверка даты документов, тогда можно использовать код из примера ниже.
Если проверяемая дата меньше указанной, проверка вернет ложь.


&lt;b&gt;Код проверки: &lt;/&gt;

&lt;i&gt;PAPI_СлужебныеДляОбмена.ДатаЗапретаОбменаДокументов(ДатаДокумента)&lt;/&gt;</v8:content>
													</v8:item>
												</Title>
											</ExtendedTooltip>
											<Events>
												<Event name="OnChange">PAPI_ДатаЗапретаОбменаДокументовПриИзменении</Event>
											</Events>
										</InputField>
									</ChildItems>
								</Page>
								<Page name="СтраницаСервисыИнтеграции" id="43">
									<Title>
										<v8:item>
											<v8:lang>ru</v8:lang>
											<v8:content>Сервисы интеграции</v8:content>
										</v8:item>
									</Title>
									<ToolTip>
										<v8:item>
											<v8:lang>ru</v8:lang>
											<v8:content>Страница сервисы интеграции</v8:content>
										</v8:item>
									</ToolTip>
									<HorizontalStretch>true</HorizontalStretch>
									<VerticalStretch>true</VerticalStretch>
									<ExtendedTooltip name="СтраницаСервисыИнтеграцииРасширеннаяПодсказка" id="44"/>
									<ChildItems>
										<UsualGroup name="ГруппаСервисыИнтеграции" id="45">
											<Title>
												<v8:item>
													<v8:lang>ru</v8:lang>
													<v8:content>Сервисы интеграции</v8:content>
												</v8:item>
											</Title>
											<ShowTitle>false</ShowTitle>
											<ExtendedTooltip name="ГруппаСервисыИнтеграцииРасширеннаяПодсказка" id="46"/>
											<ChildItems>
												<CheckBoxField name="PAPI_ОбменыСервисовИнтеграцииВключены" id="4">
													<DataPath>НаборКонстант.PAPI_ОбменыСервисовИнтеграцииВключены</DataPath>
													<Title>
														<v8:item>
															<v8:lang>ru</v8:lang>
															<v8:content>Обмены включены</v8:content>
														</v8:item>
													</Title>
													<TitleLocation>Right</TitleLocation>
													<ToolTipRepresentation>Button</ToolTipRepresentation>
													<EditMode>EnterOnInput</EditMode>
													<CheckBoxType>Auto</CheckBoxType>
													<ContextMenu name="PAPI_ОбменыСервисовИнтеграцииВключеныКонтекстноеМеню" id="5"/>
													<ExtendedTooltip name="PAPI_ОбменыСервисовИнтеграцииВключеныРасширеннаяПодсказка" id="6">
														<Title formatted="true">
															<v8:item>
																<v8:lang>ru</v8:lang>
																<v8:content>При выключении отключает регламент PAPI_СервисыИнтеграцииВыполнитьОбработку и PAPI_СервисыИнтеграции.ВыполнитьОбработкуНаСервере()</v8:content>
															</v8:item>
														</Title>
													</ExtendedTooltip>
													<Events>
														<Event name="OnChange">PAPI_ОбменыВключеныПриИзменении</Event>
													</Events>
												</CheckBoxField>
											</ChildItems>
										</UsualGroup>
										<UsualGroup name="ГруппаСообщенияСервисовИнтеграции" id="47">
											<Title>
												<v8:item>
													<v8:lang>ru</v8:lang>
													<v8:content>Сообщения сервисов интеграции</v8:content>
												</v8:item>
											</Title>
											<HorizontalStretch>true</HorizontalStretch>
											<Group>Vertical</Group>
											<ChildrenAlign>ItemsRightTitlesLeft</ChildrenAlign>
											<ExtendedTooltip name="ГруппаСообщенияСервисовИнтеграцииРасширеннаяПодсказка" id="48"/>
											<ChildItems>
												<InputField name="PAPI_Источник" id="1">
													<DataPath>НаборКонстант.PAPI_Источник</DataPath>
													<Title>
														<v8:item>
															<v8:lang>ru</v8:lang>
															<v8:content>База-источник</v8:content>
														</v8:item>
													</Title>
													<TitleLocation>Left</TitleLocation>
													<ToolTip>
														<v8:item>
															<v8:lang>ru</v8:lang>
															<v8:content>Значение отправителя подставляемое в исходящих сообщениях</v8:content>
														</v8:item>
													</ToolTip>
													<ToolTipRepresentation>Button</ToolTipRepresentation>
													<EditMode>EnterOnInput</EditMode>
													<AutoMaxWidth>false</AutoMaxWidth>
													<ExtendedEditMultipleValues>true</ExtendedEditMultipleValues>
													<ContextMenu name="PAPI_ИсточникКонтекстноеМеню" id="2"/>
													<ExtendedTooltip name="PAPI_ИсточникРасширеннаяПодсказка" id="3">
														<Title formatted="true">
															<v8:item>
																<v8:lang>ru</v8:lang>
																<v8:content>Значение отправителя подставляемое в исходящих сообщениях</v8:content>
															</v8:item>
														</Title>
													</ExtendedTooltip>
													<Events>
														<Event name="OnChange">PAPI_ИсточникПриИзменении</Event>
													</Events>
												</InputField>
												<CheckBoxField name="PAPI_ЛогированиеВходящихСообщенийСервисаИнтеграции" id="7">
													<DataPath>НаборКонстант.PAPI_ЛогированиеВходящихСообщенийСервисаИнтеграции</DataPath>
													<Title>
														<v8:item>
															<v8:lang>ru</v8:lang>
															<v8:content>Логировать сообщения</v8:content>
														</v8:item>
													</Title>
													<TitleLocation>Right</TitleLocation>
													<ToolTip>
														<v8:item>
															<v8:lang>ru</v8:lang>
															<v8:content>При включении константы "PAPI_ЛогированиеВходящихСообщенийСервисаИнтеграции", в регистр сведений "PAPI_ВходящиеСообщенияСервисаИнтеграции" будут записываться все входящие сообщения. При выключенном режиме будут записываться только непрочитанные сообщения.</v8:content>
														</v8:item>
													</ToolTip>
													<ToolTipRepresentation>Button</ToolTipRepresentation>
													<CheckBoxType>Auto</CheckBoxType>
													<ContextMenu name="PAPI_ЛогированиеВходящихСообщенийСервисаИнтеграцииКонтекстноеМеню" id="8"/>
													<ExtendedTooltip name="PAPI_ЛогированиеВходящихСообщенийСервисаИнтеграцииРасширеннаяПодсказка" id="9">
														<Title formatted="true">
															<v8:item>
																<v8:lang>ru</v8:lang>
																<v8:content>Логировать все входящие сообщения. Если логирование выключено будут сохранятся только непрочитанные сообщения.
Сообщения сохраняются в регистр сведений "PAPI_ВходящиеСообщенияСервисаИнтеграции".</v8:content>
															</v8:item>
														</Title>
													</ExtendedTooltip>
													<Events>
														<Event name="OnChange">PAPI_ЛогированиеВходящихСообщенийСервисаИнтеграцииПриИзменении</Event>
													</Events>
												</CheckBoxField>
											</ChildItems>
										</UsualGroup>
									</ChildItems>
								</Page>
							</ChildItems>
						</Pages>
					</ChildItems>
				</Page>
				<Page name="СтраницаОтложенныеОперации" id="39">
					<Title>
						<v8:item>
							<v8:lang>ru</v8:lang>
							<v8:content>Отложенные операции</v8:content>
						</v8:item>
					</Title>
					<ToolTip>
						<v8:item>
							<v8:lang>ru</v8:lang>
							<v8:content>Страница отложенные операции</v8:content>
						</v8:item>
					</ToolTip>
					<HorizontalStretch>true</HorizontalStretch>
					<VerticalStretch>true</VerticalStretch>
					<ExtendedTooltip name="СтраницаОтложенныеОперацииРасширеннаяПодсказка" id="40"/>
					<ChildItems>
						<UsualGroup name="ГруппаОчередьДействийСДокументами" id="41">
							<Title>
								<v8:item>
									<v8:lang>ru</v8:lang>
									<v8:content>Очередь действий с документами</v8:content>
								</v8:item>
							</Title>
							<ToolTip>
								<v8:item>
									<v8:lang>ru</v8:lang>
									<v8:content>Максимальное допустимое число попыток отложенного действия с документом</v8:content>
								</v8:item>
							</ToolTip>
							<HorizontalStretch>true</HorizontalStretch>
							<VerticalStretch>false</VerticalStretch>
							<Group>Vertical</Group>
							<ExtendedTooltip name="ГруппаОчередьДействийСДокументамиРасширеннаяПодсказка" id="42"/>
							<ChildItems>
								<InputField name="PAPI_КоличествоПопытокОчередиДокументов" id="25">
									<DataPath>НаборКонстант.PAPI_КоличествоПопытокОчередиДокументов</DataPath>
									<Title>
										<v8:item>
											<v8:lang>ru</v8:lang>
											<v8:content>Количество попыток</v8:content>
										</v8:item>
									</Title>
									<TitleLocation>Right</TitleLocation>
									<AutoMaxWidth>false</AutoMaxWidth>
									<AutoMaxHeight>false</AutoMaxHeight>
									<ExtendedEditMultipleValues>true</ExtendedEditMultipleValues>
									<ContextMenu name="PAPI_КоличествоПопытокОчередиДокументовКонтекстноеМеню" id="26"/>
									<ExtendedTooltip name="PAPI_КоличествоПопытокОчередиДокументовРасширеннаяПодсказка" id="27"/>
									<Events>
										<Event name="OnChange">PAPI_КоличествоПопытокОчередиДокументовПриИзменении</Event>
									</Events>
								</InputField>
							</ChildItems>
						</UsualGroup>
						<UsualGroup name="ГруппаСрокХраненияОтложенныхДокументов" id="76">
							<Title>
								<v8:item>
									<v8:lang>ru</v8:lang>
									<v8:content>Срок хранения очереди документов</v8:content>
								</v8:item>
							</Title>
							<ToolTip>
								<v8:item>
									<v8:lang>ru</v8:lang>
									<v8:content>Группа срок хранения отложенных документов</v8:content>
								</v8:item>
							</ToolTip>
							<ChildrenAlign>ItemsRightTitlesLeft</ChildrenAlign>
							<ExtendedTooltip name="ГруппаСрокХраненияОтложенныхДокументовРасширеннаяПодсказка" id="77"/>
							<ChildItems>
								<InputField name="СрокХраненияОчередьДокументов" id="70">
									<DataPath>СрокХраненияОчередьДокументов</DataPath>
									<ToolTip>
										<v8:item>
											<v8:lang>ru</v8:lang>
											<v8:content>Срок хранения отработаных очередей регистра сведений PAPI_ОчередьДействийСДокументами</v8:content>
										</v8:item>
									</ToolTip>
									<ExtendedEditMultipleValues>true</ExtendedEditMultipleValues>
									<ContextMenu name="СрокХраненияОчередьДокументовКонтекстноеМеню" id="71"/>
									<ExtendedTooltip name="СрокХраненияОчередьДокументовРасширеннаяПодсказка" id="72"/>
									<Events>
										<Event name="OnChange">СрокХраненияОчередьДокументовПриИзменении</Event>
									</Events>
								</InputField>
							</ChildItems>
						</UsualGroup>
					</ChildItems>
				</Page>
				<Page name="СтраницаИсторияДанных" id="87">
					<Title>
						<v8:item>
							<v8:lang>ru</v8:lang>
							<v8:content>История данных</v8:content>
						</v8:item>
					</Title>
					<HorizontalStretch>true</HorizontalStretch>
					<ExtendedTooltip name="СтраницаИсторияДанныхРасширеннаяПодсказка" id="88"/>
					<ChildItems>
						<Button name="НастройкаСоставаИсторияДанных" id="89">
							<Type>Hyperlink</Type>
							<AutoMaxWidth>false</AutoMaxWidth>
							<HorizontalStretch>true</HorizontalStretch>
							<CommandName>Form.Command.НастройкаСоставаИсторияДанных</CommandName>
							<ExtendedTooltip name="НастройкаСоставаИсторияДанныхРасширеннаяПодсказка" id="90"/>
						</Button>
						<Button name="НастройкаХраненияИсторииДанных" id="91">
							<Type>Hyperlink</Type>
							<CommandName>Form.Command.НастройкаХраненияИсторииДанных</CommandName>
							<ExtendedTooltip name="НастройкаХраненияИсторииДанныхРасширеннаяПодсказка" id="92"/>
						</Button>
						<UsualGroup name="ОбновитьИсторию" id="161">
							<Title>
								<v8:item>
									<v8:lang>ru</v8:lang>
									<v8:content>ИсторияДанных.ОбновитьИсторию(Ложь, Ложь)</v8:content>
								</v8:item>
							</Title>
							<ToolTip>
								<v8:item>
									<v8:lang>ru</v8:lang>
									<v8:content>Обновить историю</v8:content>
								</v8:item>
							</ToolTip>
							<HorizontalStretch>true</HorizontalStretch>
							<Group>Vertical</Group>
							<Behavior>Collapsible</Behavior>
							<ControlRepresentation>Picture</ControlRepresentation>
							<ExtendedTooltip name="ОбновитьИсториюРасширеннаяПодсказка" id="162"/>
							<ChildItems>
								<CheckBoxField name="PAPI_ВыполнитьОбработкуПослеЗаписиВерсий" id="155">
									<DataPath>НаборКонстант.PAPI_ВыполнитьОбработкуПослеЗаписиВерсий</DataPath>
									<Title>
										<v8:item>
											<v8:lang>ru</v8:lang>
											<v8:content>Выполнить обработку после записи версий</v8:content>
										</v8:item>
									</Title>
									<TitleLocation>Right</TitleLocation>
									<CheckBoxType>Switcher</CheckBoxType>
									<ContextMenu name="PAPI_ВыполнитьОбработкуПослеЗаписиВерсийКонтекстноеМеню" id="156"/>
									<ExtendedTooltip name="PAPI_ВыполнитьОбработкуПослеЗаписиВерсийРасширеннаяПодсказка" id="157"/>
									<Events>
										<Event name="OnChange">PAPI_ВыполнитьОбработкуПослеЗаписиВерсийПриИзменении</Event>
									</Events>
								</CheckBoxField>
								<CheckBoxField name="PAPI_АвтоУдалениеИзОбработкиПослеЗаписиВерсий" id="158">
									<DataPath>НаборКонстант.PAPI_АвтоУдалениеИзОбработкиПослеЗаписиВерсий</DataPath>
									<Title>
										<v8:item>
											<v8:lang>ru</v8:lang>
											<v8:content>Авто удаление из обработки после записи версий</v8:content>
										</v8:item>
									</Title>
									<TitleLocation>Right</TitleLocation>
									<CheckBoxType>Switcher</CheckBoxType>
									<ContextMenu name="PAPI_АвтоУдалениеИзОбработкиПослеЗаписиВерсийКонтекстноеМеню" id="159"/>
									<ExtendedTooltip name="PAPI_АвтоУдалениеИзОбработкиПослеЗаписиВерсийРасширеннаяПодсказка" id="160"/>
									<Events>
										<Event name="OnChange">PAPI_АвтоУдалениеИзОбработкиПослеЗаписиВерсийПриИзменении</Event>
									</Events>
								</CheckBoxField>
								<UsualGroup name="ГруппаРасписаниеОбновлениеДанных" id="163">
									<Title>
										<v8:item>
											<v8:lang>ru</v8:lang>
											<v8:content>Группа расписание обновление данных</v8:content>
										</v8:item>
									</Title>
									<ToolTip>
										<v8:item>
											<v8:lang>ru</v8:lang>
											<v8:content>Группа расписание обновление данных</v8:content>
										</v8:item>
									</ToolTip>
									<Representation>None</Representation>
									<ShowTitle>false</ShowTitle>
									<ExtendedTooltip name="ГруппаРасписаниеОбновлениеДанныхРасширеннаяПодсказка" id="164"/>
									<ChildItems>
										<CheckBoxField name="АвтоматическиОбновлятьДанные" id="165">
											<DataPath>АвтоматическиОбновлятьДанные</DataPath>
											<TitleLocation>Right</TitleLocation>
											<CheckBoxType>Auto</CheckBoxType>
											<ContextMenu name="АвтоматическиОбновлятьДанныеКонтекстноеМеню" id="166"/>
											<ExtendedTooltip name="АвтоматическиОбновлятьДанныеРасширеннаяПодсказка" id="167"/>
											<Events>
												<Event name="OnChange">АвтоматическиОбновлятьДанныеПриИзменении</Event>
											</Events>
										</CheckBoxField>
										<Button name="НастроитьРасписаниеОбновленияДанных" id="168">
											<Type>Hyperlink</Type>
											<CommandName>Form.Command.НастроитьРасписаниеОбновленияДанных</CommandName>
											<Title>
												<v8:item>
													<v8:lang>ru</v8:lang>
													<v8:content>Настроить расписание</v8:content>
												</v8:item>
											</Title>
											<ExtendedTooltip name="НастроитьРасписаниеОбновленияДанныхРасширеннаяПодсказка" id="169"/>
										</Button>
										<LabelDecoration name="ДекорацияРазделитель2" id="170">
											<AutoMaxWidth>false</AutoMaxWidth>
											<HorizontalStretch>true</HorizontalStretch>
											<Title formatted="false">
												<v8:item>
													<v8:lang>ru</v8:lang>
													<v8:content> </v8:content>
												</v8:item>
											</Title>
											<ContextMenu name="ДекорацияРазделитель2КонтекстноеМеню" id="171"/>
											<ExtendedTooltip name="ДекорацияРазделитель2РасширеннаяПодсказка" id="172"/>
										</LabelDecoration>
										<Button name="ВыполнитьОбновлениеДанных" id="173">
											<Type>UsualButton</Type>
											<CommandName>Form.Command.ВыполнитьОбновлениеДанных</CommandName>
											<ExtendedTooltip name="ВыполнитьОбновлениеДанныхРасширеннаяПодсказка" id="174"/>
										</Button>
									</ChildItems>
								</UsualGroup>
								<LabelDecoration name="РасписаниеОбновленияДанных" id="175">
									<AutoMaxWidth>false</AutoMaxWidth>
									<HorizontalStretch>true</HorizontalStretch>
									<TextColor>#6B6446</TextColor>
									<Title formatted="false">
										<v8:item>
											<v8:lang>ru</v8:lang>
											<v8:content>Выполнять: каждый день; каждые 60 секунд</v8:content>
										</v8:item>
									</Title>
									<ContextMenu name="РасписаниеОбновленияДанныхКонтекстноеМеню" id="176"/>
									<ExtendedTooltip name="РасписаниеОбновленияДанныхРасширеннаяПодсказка" id="177"/>
								</LabelDecoration>
							</ChildItems>
						</UsualGroup>
					</ChildItems>
				</Page>
				<Page name="СтраницаЧисткаСтарыхДанных" id="57">
					<Title>
						<v8:item>
							<v8:lang>ru</v8:lang>
							<v8:content>Удаление старых данных</v8:content>
						</v8:item>
					</Title>
					<HorizontalStretch>true</HorizontalStretch>
					<VerticalStretch>true</VerticalStretch>
					<ExtendedTooltip name="СтраницаЧисткаСтарыхДанныхРасширеннаяПодсказка" id="58"/>
					<ChildItems>
						<UsualGroup name="ГруппаВходящиеСообщенияСервисовИнтеграции" id="49">
							<Title>
								<v8:item>
									<v8:lang>ru</v8:lang>
									<v8:content>Срок хранения сообщений сервисов интеграции</v8:content>
								</v8:item>
							</Title>
							<HorizontalStretch>true</HorizontalStretch>
							<VerticalStretch>false</VerticalStretch>
							<Group>Vertical</Group>
							<ChildrenAlign>ItemsRightTitlesLeft</ChildrenAlign>
							<ExtendedTooltip name="ГруппаВходящиеСообщенияСервисовИнтеграцииРасширеннаяПодсказка" id="50"/>
							<ChildItems>
								<InputField name="СрокХраненияВходящиеСообщенияСервисаИнтеграции" id="51">
									<DataPath>СрокХраненияВходящиеСообщенияСервисаИнтеграции</DataPath>
									<ToolTip>
										<v8:item>
											<v8:lang>ru</v8:lang>
											<v8:content>Срок хранения прочитанных сообщений регистра сведений PAPI_ВходящиеСообщенияСервисаИнтеграции</v8:content>
										</v8:item>
									</ToolTip>
									<ExtendedEditMultipleValues>true</ExtendedEditMultipleValues>
									<ContextMenu name="СрокХраненияВходящиеСообщенияСервисаИнтеграцииКонтекстноеМеню" id="52"/>
									<ExtendedTooltip name="СрокХраненияВходящиеСообщенияСервисаИнтеграцииРасширеннаяПодсказка" id="53"/>
									<Events>
										<Event name="OnChange">СрокХраненияВходящиеСообщенияСервисаИнтеграцииПриИзменении</Event>
									</Events>
								</InputField>
								<InputField name="СрокХраненияЗапросНедостающихДанных" id="54">
									<DataPath>СрокХраненияЗапросНедостающихДанных</DataPath>
									<ToolTip>
										<v8:item>
											<v8:lang>ru</v8:lang>
											<v8:content>Срок хранения прочитанных сообщений регистра сведений PAPI_ЗапросНедостающихДанных</v8:content>
										</v8:item>
									</ToolTip>
									<ExtendedEditMultipleValues>true</ExtendedEditMultipleValues>
									<ContextMenu name="СрокХраненияЗапросНедостающихДанныхКонтекстноеМеню" id="55"/>
									<ExtendedTooltip name="СрокХраненияЗапросНедостающихДанныхРасширеннаяПодсказка" id="56"/>
									<Events>
										<Event name="OnChange">СрокХраненияЗапросНедостающихДанныхПриИзменении</Event>
									</Events>
								</InputField>
							</ChildItems>
						</UsualGroup>
						<UsualGroup name="ГруппаСрокХраненияЛогов" id="59">
							<Title>
								<v8:item>
									<v8:lang>ru</v8:lang>
									<v8:content>Срок хранения логов</v8:content>
								</v8:item>
							</Title>
							<ToolTip>
								<v8:item>
									<v8:lang>ru</v8:lang>
									<v8:content>Группа срок хранения логов</v8:content>
								</v8:item>
							</ToolTip>
							<HorizontalStretch>true</HorizontalStretch>
							<VerticalStretch>false</VerticalStretch>
							<Group>Vertical</Group>
							<ChildrenAlign>ItemsRightTitlesLeft</ChildrenAlign>
							<ExtendedTooltip name="ГруппаСрокХраненияЛоговРасширеннаяПодсказка" id="60"/>
							<ChildItems>
								<InputField name="СрокХраненияЛогАлгоритмов" id="61">
									<DataPath>СрокХраненияЛогАлгоритмов</DataPath>
									<ToolTip>
										<v8:item>
											<v8:lang>ru</v8:lang>
											<v8:content>Срок хранения логов алгоритмов регистра сведений PAPI_ЛогАлгоритмов</v8:content>
										</v8:item>
									</ToolTip>
									<ExtendedEditMultipleValues>true</ExtendedEditMultipleValues>
									<ContextMenu name="СрокХраненияЛогАлгоритмовКонтекстноеМеню" id="62"/>
									<ExtendedTooltip name="СрокХраненияЛогАлгоритмовРасширеннаяПодсказка" id="63"/>
									<Events>
										<Event name="OnChange">СрокХраненияЛогАлгоритмовПриИзменении</Event>
									</Events>
								</InputField>
								<InputField name="СрокХраненияЛогМетодов" id="64">
									<DataPath>СрокХраненияЛогМетодов</DataPath>
									<ToolTip>
										<v8:item>
											<v8:lang>ru</v8:lang>
											<v8:content>Срок хранения логов методов регистра сведений PAPI_ЛогМетодов</v8:content>
										</v8:item>
									</ToolTip>
									<ExtendedEditMultipleValues>true</ExtendedEditMultipleValues>
									<ContextMenu name="СрокХраненияЛогМетодовКонтекстноеМеню" id="65"/>
									<ExtendedTooltip name="СрокХраненияЛогМетодовРасширеннаяПодсказка" id="66"/>
									<Events>
										<Event name="OnChange">СрокХраненияЛогМетодовПриИзменении</Event>
									</Events>
								</InputField>
							</ChildItems>
						</UsualGroup>
						<UsualGroup name="ГруппаСрокХраненияHTTPСервисы" id="82">
							<Title>
								<v8:item>
									<v8:lang>ru</v8:lang>
									<v8:content>Срок хранения запросов HTTP-сервисов</v8:content>
								</v8:item>
							</Title>
							<HorizontalStretch>true</HorizontalStretch>
							<ChildrenAlign>ItemsRightTitlesLeft</ChildrenAlign>
							<ExtendedTooltip name="ГруппаСрокХраненияHTTPСервисыРасширеннаяПодсказка" id="83"/>
							<ChildItems>
								<InputField name="СрокХраненияВходящихЗапросов" id="84">
									<DataPath>СрокХраненияВходящихЗапросов</DataPath>
									<ToolTip>
										<v8:item>
											<v8:lang>ru</v8:lang>
											<v8:content>Срок хранения входящих запросов методов документ PAPI_ВходящийЗапрос</v8:content>
										</v8:item>
									</ToolTip>
									<HorizontalStretch>true</HorizontalStretch>
									<ExtendedEditMultipleValues>true</ExtendedEditMultipleValues>
									<ContextMenu name="СрокХраненияВходящихЗапросовКонтекстноеМеню" id="85"/>
									<ExtendedTooltip name="СрокХраненияВходящихЗапросовРасширеннаяПодсказка" id="86"/>
									<Events>
										<Event name="OnChange">СрокХраненияВходящихЗапросовПриИзменении</Event>
									</Events>
								</InputField>
							</ChildItems>
						</UsualGroup>
						<UsualGroup name="ГруппаФоновоеВыполнение" id="80">
							<Title>
								<v8:item>
									<v8:lang>ru</v8:lang>
									<v8:content>Фоновое выполнение</v8:content>
								</v8:item>
							</Title>
							<HorizontalStretch>true</HorizontalStretch>
							<ChildrenAlign>ItemsRightTitlesLeft</ChildrenAlign>
							<ExtendedTooltip name="ГруппаФоновоеВыполнениеРасширеннаяПодсказка" id="81"/>
							<ChildItems>
								<InputField name="СрокХраненияОчередьАлгоритмов" id="67">
									<DataPath>СрокХраненияОчередьАлгоритмов</DataPath>
									<ToolTip>
										<v8:item>
											<v8:lang>ru</v8:lang>
											<v8:content>Срок хранения очереди алгоритмов регистра сведений PAPI_ОчередьАлгоритмовДляФоновогоВыполнения</v8:content>
										</v8:item>
									</ToolTip>
									<ExtendedEditMultipleValues>true</ExtendedEditMultipleValues>
									<ContextMenu name="СрокХраненияОчередьАлгоритмовКонтекстноеМеню" id="68"/>
									<ExtendedTooltip name="СрокХраненияОчередьАлгоритмовРасширеннаяПодсказка" id="69"/>
									<Events>
										<Event name="OnChange">СрокХраненияОчередьАлгоритмовПриИзменении</Event>
									</Events>
								</InputField>
							</ChildItems>
						</UsualGroup>
						<UsualGroup name="ГруппаПрочее" id="78">
							<Title>
								<v8:item>
									<v8:lang>ru</v8:lang>
									<v8:content>Результаты</v8:content>
								</v8:item>
							</Title>
							<HorizontalStretch>true</HorizontalStretch>
							<ChildrenAlign>ItemsRightTitlesLeft</ChildrenAlign>
							<ExtendedTooltip name="ГруппаПрочееРасширеннаяПодсказка" id="79"/>
							<ChildItems>
								<InputField name="СрокХраненияРезультатов" id="73">
									<DataPath>СрокХраненияРезультатов</DataPath>
									<ToolTip>
										<v8:item>
											<v8:lang>ru</v8:lang>
											<v8:content>Срок хранения различных результатов регистра сведений PAPI_ХранилищеРезультатов</v8:content>
										</v8:item>
									</ToolTip>
									<ExtendedEditMultipleValues>true</ExtendedEditMultipleValues>
									<ContextMenu name="СрокХраненияРезультатовКонтекстноеМеню" id="74"/>
									<ExtendedTooltip name="СрокХраненияРезультатовРасширеннаяПодсказка" id="75"/>
									<Events>
										<Event name="OnChange">СрокХраненияРезультатовПриИзменении</Event>
									</Events>
								</InputField>
							</ChildItems>
						</UsualGroup>
						<UsualGroup name="ГруппаРасписаниеУдаленияДанных" id="93">
							<Title>
								<v8:item>
									<v8:lang>ru</v8:lang>
									<v8:content>Расписание удаления данных</v8:content>
								</v8:item>
							</Title>
							<HorizontalStretch>true</HorizontalStretch>
							<Group>Vertical</Group>
							<ExtendedTooltip name="ГруппаРасписаниеУдаленияДанныхРасширеннаяПодсказка" id="94"/>
							<ChildItems>
								<UsualGroup name="ГруппаНастройкаРегламента" id="95">
									<Title>
										<v8:item>
											<v8:lang>ru</v8:lang>
											<v8:content>Настройка регламента</v8:content>
										</v8:item>
									</Title>
									<HorizontalStretch>true</HorizontalStretch>
									<Representation>None</Representation>
									<ShowTitle>false</ShowTitle>
									<ExtendedTooltip name="ГруппаНастройкаРегламентаРасширеннаяПодсказка" id="96"/>
									<ChildItems>
										<CheckBoxField name="АвтоматическиУдалятьУстаревшиеДанные" id="97">
											<DataPath>АвтоматическиУдалятьУстаревшиеДанные</DataPath>
											<TitleLocation>Right</TitleLocation>
											<CheckBoxType>Auto</CheckBoxType>
											<ContextMenu name="АвтоматическиУдалятьУстаревшиеДанныеКонтекстноеМеню" id="98"/>
											<ExtendedTooltip name="АвтоматическиУдалятьУстаревшиеДанныеРасширеннаяПодсказка" id="99"/>
											<Events>
												<Event name="OnChange">АвтоматическиУдалятьУстаревшиеДанныеПриИзменении</Event>
											</Events>
										</CheckBoxField>
										<Button name="НастроитьРасписаниеУдаленияДанных" id="100">
											<Type>Hyperlink</Type>
											<CommandName>Form.Command.НастроитьРасписаниеУдаленияДанных</CommandName>
											<ExtendedTooltip name="НастроитьРасписаниеУдаленияДанныхРасширеннаяПодсказка" id="101"/>
										</Button>
										<LabelDecoration name="ДекорацияРазделитель1" id="102">
											<AutoMaxWidth>false</AutoMaxWidth>
											<HorizontalStretch>true</HorizontalStretch>
											<Title formatted="false">
												<v8:item>
													<v8:lang>ru</v8:lang>
													<v8:content> </v8:content>
												</v8:item>
											</Title>
											<ContextMenu name="ДекорацияРазделитель1КонтекстноеМеню" id="103"/>
											<ExtendedTooltip name="ДекорацияРазделитель1РасширеннаяПодсказка" id="104"/>
										</LabelDecoration>
										<Button name="ВыполнитьУдалениеДанных" id="105">
											<Type>UsualButton</Type>
											<CommandName>Form.Command.ВыполнитьУдалениеДанных</CommandName>
											<BackColor>web:PeachPuff</BackColor>
											<ExtendedTooltip name="ВыполнитьУдалениеДанныхРасширеннаяПодсказка" id="106"/>
										</Button>
									</ChildItems>
								</UsualGroup>
								<LabelDecoration name="РасписаниеУдаленияДанных" id="107">
									<AutoMaxWidth>false</AutoMaxWidth>
									<HorizontalStretch>true</HorizontalStretch>
									<TextColor>#6B6446</TextColor>
									<Title formatted="false">
										<v8:item>
											<v8:lang>ru</v8:lang>
											<v8:content>Выполнять: каждый день; с 23:00:00 по 23:59:59 один раз в день</v8:content>
										</v8:item>
									</Title>
									<ContextMenu name="РасписаниеУдаленияДанныхКонтекстноеМеню" id="108"/>
									<ExtendedTooltip name="РасписаниеУдаленияДанныхРасширеннаяПодсказка" id="109"/>
								</LabelDecoration>
							</ChildItems>
						</UsualGroup>
					</ChildItems>
				</Page>
				<Page name="СтраницаОбновление" id="110">
					<Title>
						<v8:item>
							<v8:lang>ru</v8:lang>
							<v8:content>Обновление</v8:content>
						</v8:item>
					</Title>
					<ExtendedTooltip name="СтраницаОбновлениеРасширеннаяПодсказка" id="111"/>
					<ChildItems>
						<UsualGroup name="ГруппаВерсииОбновленияИРасширения" id="115">
							<Title>
								<v8:item>
									<v8:lang>ru</v8:lang>
									<v8:content>Версии обновления и расширения</v8:content>
								</v8:item>
							</Title>
							<Representation>None</Representation>
							<ShowTitle>false</ShowTitle>
							<ExtendedTooltip name="ГруппаВерсииОбновленияИРасширенияРасширеннаяПодсказка" id="116"/>
							<ChildItems>
								<InputField name="ВерсияPAPI" id="117">
									<DataPath>ВерсияPAPI</DataPath>
									<ReadOnly>true</ReadOnly>
									<ExtendedEditMultipleValues>true</ExtendedEditMultipleValues>
									<ContextMenu name="ВерсияPAPIКонтекстноеМеню" id="118"/>
									<ExtendedTooltip name="ВерсияPAPIРасширеннаяПодсказка" id="119"/>
								</InputField>
								<InputField name="PAPI_ТекущаяВерсия" id="112">
									<DataPath>НаборКонстант.PAPI_ТекущаяВерсия</DataPath>
									<ReadOnly>true</ReadOnly>
									<Title>
										<v8:item>
											<v8:lang>ru</v8:lang>
											<v8:content>Обновлена до версии</v8:content>
										</v8:item>
									</Title>
									<ExtendedEditMultipleValues>true</ExtendedEditMultipleValues>
									<ContextMenu name="PAPI_ТекущаяВерсияКонтекстноеМеню" id="113"/>
									<ExtendedTooltip name="PAPI_ТекущаяВерсияРасширеннаяПодсказка" id="114"/>
								</InputField>
								<Button name="ОбновитьPAPI" id="126">
									<Type>UsualButton</Type>
									<CommandName>Form.Command.ОбновитьPAPI</CommandName>
									<ExtendedTooltip name="ОбновитьPAPIРасширеннаяПодсказка" id="127"/>
								</Button>
								<PictureDecoration name="ОбновлениеОк" id="120">
									<Title formatted="false">
										<v8:item>
											<v8:lang>ru</v8:lang>
											<v8:content>Обновлена</v8:content>
										</v8:item>
									</Title>
									<GroupHorizontalAlign>Center</GroupHorizontalAlign>
									<GroupVerticalAlign>Center</GroupVerticalAlign>
									<Picture>
										<xr:Ref>StdPicture.AppearanceCheckIcon</xr:Ref>
										<xr:LoadTransparent>true</xr:LoadTransparent>
									</Picture>
									<ContextMenu name="ОбновлениеОкКонтекстноеМеню" id="121"/>
									<ExtendedTooltip name="ОбновлениеОкРасширеннаяПодсказка" id="122"/>
								</PictureDecoration>
								<PictureDecoration name="ОбновлениеНеОк" id="123">
									<Title formatted="false">
										<v8:item>
											<v8:lang>ru</v8:lang>
											<v8:content>Требуется обновление</v8:content>
										</v8:item>
									</Title>
									<ToolTip>
										<v8:item>
											<v8:lang>ru</v8:lang>
											<v8:content>Подсистема нуждается в обновлении</v8:content>
										</v8:item>
									</ToolTip>
									<GroupHorizontalAlign>Center</GroupHorizontalAlign>
									<GroupVerticalAlign>Center</GroupVerticalAlign>
									<Picture>
										<xr:Ref>StdPicture.AppearanceExclamationMarkIcon</xr:Ref>
										<xr:LoadTransparent>true</xr:LoadTransparent>
									</Picture>
									<ContextMenu name="ОбновлениеНеОкКонтекстноеМеню" id="124"/>
									<ExtendedTooltip name="ОбновлениеНеОкРасширеннаяПодсказка" id="125"/>
								</PictureDecoration>
							</ChildItems>
						</UsualGroup>
						<PictureDecoration name="ОбновлениеКартинка" id="149">
							<Width>3</Width>
							<Height>2</Height>
							<Title formatted="false">
								<v8:item>
									<v8:lang>ru</v8:lang>
									<v8:content>Обновление картинка</v8:content>
								</v8:item>
							</Title>
							<PictureSize>Proportionally</PictureSize>
							<ImageScale>85</ImageScale>
							<Picture>
								<xr:Ref>CommonPicture.PAPI_Часы</xr:Ref>
								<xr:LoadTransparent>true</xr:LoadTransparent>
							</Picture>
							<ContextMenu name="ОбновлениеКартинкаКонтекстноеМеню" id="150"/>
							<ExtendedTooltip name="ОбновлениеКартинкаРасширеннаяПодсказка" id="151"/>
						</PictureDecoration>
						<UsualGroup name="ГруппаОшибкиОбновления" id="144">
							<Title>
								<v8:item>
									<v8:lang>ru</v8:lang>
									<v8:content>Ошибки обновления</v8:content>
								</v8:item>
							</Title>
							<ToolTip>
								<v8:item>
									<v8:lang>ru</v8:lang>
									<v8:content>Группа ошибки обновления</v8:content>
								</v8:item>
							</ToolTip>
							<ExtendedTooltip name="ГруппаОшибкиОбновленияРасширеннаяПодсказка" id="145"/>
							<ChildItems>
								<Table name="СписокОшибокОбновления" id="128">
									<Representation>List</Representation>
									<Header>false</Header>
									<HorizontalLines>false</HorizontalLines>
									<VerticalLines>false</VerticalLines>
									<AutoInsertNewRow>true</AutoInsertNewRow>
									<DataPath>СписокОшибокОбновления</DataPath>
									<RowPictureDataPath>СписокОшибокОбновления.Picture</RowPictureDataPath>
									<ContextMenu name="СписокОшибокОбновленияКонтекстноеМеню" id="129"/>
									<AutoCommandBar name="СписокОшибокОбновленияКоманднаяПанель" id="130">
										<Autofill>false</Autofill>
									</AutoCommandBar>
									<ExtendedTooltip name="СписокОшибокОбновленияРасширеннаяПодсказка" id="131"/>
									<SearchStringAddition name="СписокОшибокОбновленияСтрокаПоиска" id="132">
										<AdditionSource>
											<Item>СписокОшибокОбновления</Item>
											<Type>SearchStringRepresentation</Type>
										</AdditionSource>
										<ContextMenu name="СписокОшибокОбновленияСтрокаПоискаКонтекстноеМеню" id="133"/>
										<ExtendedTooltip name="СписокОшибокОбновленияСтрокаПоискаРасширеннаяПодсказка" id="134"/>
									</SearchStringAddition>
									<ViewStatusAddition name="СписокОшибокОбновленияСостояниеПросмотра" id="135">
										<AdditionSource>
											<Item>СписокОшибокОбновления</Item>
											<Type>ViewStatusRepresentation</Type>
										</AdditionSource>
										<ContextMenu name="СписокОшибокОбновленияСостояниеПросмотраКонтекстноеМеню" id="136"/>
										<ExtendedTooltip name="СписокОшибокОбновленияСостояниеПросмотраРасширеннаяПодсказка" id="137"/>
									</ViewStatusAddition>
									<SearchControlAddition name="СписокОшибокОбновленияУправлениеПоиском" id="138">
										<AdditionSource>
											<Item>СписокОшибокОбновления</Item>
											<Type>SearchControl</Type>
										</AdditionSource>
										<ContextMenu name="СписокОшибокОбновленияУправлениеПоискомКонтекстноеМеню" id="139"/>
										<ExtendedTooltip name="СписокОшибокОбновленияУправлениеПоискомРасширеннаяПодсказка" id="140"/>
									</SearchControlAddition>
									<ChildItems>
										<InputField name="СписокОшибокОбновленияЗначение" id="141">
											<DataPath>СписокОшибокОбновления.Value</DataPath>
											<EditMode>EnterOnInput</EditMode>
											<MultiLine>true</MultiLine>
											<DropListButton>false</DropListButton>
											<ChoiceButton>false</ChoiceButton>
											<ClearButton>false</ClearButton>
											<SpinButton>false</SpinButton>
											<CreateButton>false</CreateButton>
											<ExtendedEditMultipleValues>true</ExtendedEditMultipleValues>
											<ChooseType>false</ChooseType>
											<ContextMenu name="СписокОшибокОбновленияЗначениеКонтекстноеМеню" id="142"/>
											<ExtendedTooltip name="СписокОшибокОбновленияЗначениеРасширеннаяПодсказка" id="143"/>
										</InputField>
									</ChildItems>
								</Table>
							</ChildItems>
						</UsualGroup>
					</ChildItems>
				</Page>
			</ChildItems>
		</Pages>
	</ChildItems>
	<Attributes>
		<Attribute name="НаборКонстант" id="1">
			<Type>
				<v8:Type>cfg:ConstantsSet</v8:Type>
			</Type>
			<MainAttribute>true</MainAttribute>
			<SavedData>true</SavedData>
		</Attribute>
		<Attribute name="СрокХраненияВходящиеСообщенияСервисаИнтеграции" id="2">
			<Title>
				<v8:item>
					<v8:lang>ru</v8:lang>
					<v8:content>Входящие сообщения</v8:content>
				</v8:item>
			</Title>
			<Type>
				<v8:Type>cfg:EnumRef.PAPI_СрокиХранения</v8:Type>
			</Type>
		</Attribute>
		<Attribute name="СрокХраненияЗапросНедостающихДанных" id="3">
			<Title>
				<v8:item>
					<v8:lang>ru</v8:lang>
					<v8:content>Запросы данных</v8:content>
				</v8:item>
			</Title>
			<Type>
				<v8:Type>cfg:EnumRef.PAPI_СрокиХранения</v8:Type>
			</Type>
		</Attribute>
		<Attribute name="СтруктураЗначенийХранения" id="5">
			<Title>
				<v8:item>
					<v8:lang>ru</v8:lang>
					<v8:content>Структура значений хранения</v8:content>
				</v8:item>
			</Title>
			<Type/>
		</Attribute>
		<Attribute name="СрокХраненияЛогАлгоритмов" id="6">
			<Title>
				<v8:item>
					<v8:lang>ru</v8:lang>
					<v8:content>Логи алгоритмов</v8:content>
				</v8:item>
			</Title>
			<Type>
				<v8:Type>cfg:EnumRef.PAPI_СрокиХранения</v8:Type>
			</Type>
		</Attribute>
		<Attribute name="СрокХраненияЛогМетодов" id="7">
			<Title>
				<v8:item>
					<v8:lang>ru</v8:lang>
					<v8:content>Логи методов</v8:content>
				</v8:item>
			</Title>
			<Type>
				<v8:Type>cfg:EnumRef.PAPI_СрокиХранения</v8:Type>
			</Type>
		</Attribute>
		<Attribute name="СрокХраненияОчередьАлгоритмов" id="8">
			<Title>
				<v8:item>
					<v8:lang>ru</v8:lang>
					<v8:content>Очередь алгоритмов</v8:content>
				</v8:item>
			</Title>
			<Type>
				<v8:Type>cfg:EnumRef.PAPI_СрокиХранения</v8:Type>
			</Type>
		</Attribute>
		<Attribute name="СрокХраненияОчередьДокументов" id="9">
			<Title>
				<v8:item>
					<v8:lang>ru</v8:lang>
					<v8:content>Очередь документов</v8:content>
				</v8:item>
			</Title>
			<Type>
				<v8:Type>cfg:EnumRef.PAPI_СрокиХранения</v8:Type>
			</Type>
		</Attribute>
		<Attribute name="СрокХраненияРезультатов" id="10">
			<Title>
				<v8:item>
					<v8:lang>ru</v8:lang>
					<v8:content>Хранилище результатов</v8:content>
				</v8:item>
			</Title>
			<Type>
				<v8:Type>cfg:EnumRef.PAPI_СрокиХранения</v8:Type>
			</Type>
		</Attribute>
		<Attribute name="СрокХраненияВходящихЗапросов" id="11">
			<Title>
				<v8:item>
					<v8:lang>ru</v8:lang>
					<v8:content>Входящие запросы</v8:content>
				</v8:item>
			</Title>
			<Type>
				<v8:Type>cfg:EnumRef.PAPI_СрокиХранения</v8:Type>
			</Type>
		</Attribute>
		<Attribute name="ДанныеУжеЗаписаны" id="12">
			<Title>
				<v8:item>
					<v8:lang>ru</v8:lang>
					<v8:content>Данные уже записаны</v8:content>
				</v8:item>
			</Title>
			<Type>
				<v8:Type>xs:boolean</v8:Type>
			</Type>
		</Attribute>
		<Attribute name="АвтоматическиУдалятьУстаревшиеДанные" id="4">
			<Title>
				<v8:item>
					<v8:lang>ru</v8:lang>
					<v8:content>Автоматически удалять данные</v8:content>
				</v8:item>
			</Title>
			<Type>
				<v8:Type>xs:boolean</v8:Type>
			</Type>
		</Attribute>
		<Attribute name="ВерсияPAPI" id="13">
			<Title>
				<v8:item>
					<v8:lang>ru</v8:lang>
					<v8:content>Версия PAPI</v8:content>
				</v8:item>
			</Title>
			<Type>
				<v8:Type>xs:string</v8:Type>
				<v8:StringQualifiers>
					<v8:Length>10</v8:Length>
					<v8:AllowedLength>Variable</v8:AllowedLength>
				</v8:StringQualifiers>
			</Type>
		</Attribute>
		<Attribute name="ОбновлениеЗапущено" id="14">
			<Title>
				<v8:item>
					<v8:lang>ru</v8:lang>
					<v8:content>Обновление запущено</v8:content>
				</v8:item>
			</Title>
			<Type>
				<v8:Type>xs:boolean</v8:Type>
			</Type>
		</Attribute>
		<Attribute name="ПериодПроверкиОбновления" id="15">
			<Title>
				<v8:item>
					<v8:lang>ru</v8:lang>
					<v8:content>Период проверки обновления</v8:content>
				</v8:item>
			</Title>
			<Type>
				<v8:Type>xs:decimal</v8:Type>
				<v8:NumberQualifiers>
					<v8:Digits>10</v8:Digits>
					<v8:FractionDigits>0</v8:FractionDigits>
					<v8:AllowedSign>Any</v8:AllowedSign>
				</v8:NumberQualifiers>
			</Type>
		</Attribute>
		<Attribute name="СписокОшибокОбновления" id="16">
			<Title>
				<v8:item>
					<v8:lang>ru</v8:lang>
					<v8:content>Список ошибок обновления</v8:content>
				</v8:item>
			</Title>
			<Type>
				<v8:Type>v8:ValueListType</v8:Type>
			</Type>
		</Attribute>
		<Attribute name="НужноОбновиться" id="17">
			<Title>
				<v8:item>
					<v8:lang>ru</v8:lang>
					<v8:content>Нужно обновиться</v8:content>
				</v8:item>
			</Title>
			<Type>
				<v8:Type>xs:boolean</v8:Type>
			</Type>
		</Attribute>
		<Attribute name="АвтоматическиОбновлятьДанные" id="18">
			<Title>
				<v8:item>
					<v8:lang>ru</v8:lang>
					<v8:content>Автоматически обновлять данные</v8:content>
				</v8:item>
			</Title>
			<Type>
				<v8:Type>xs:boolean</v8:Type>
			</Type>
		</Attribute>
	</Attributes>
	<Commands>
		<Command name="НастройкаСоставаИсторияДанных" id="1">
			<Title>
				<v8:item>
					<v8:lang>ru</v8:lang>
					<v8:content>Настроить состав истории данных</v8:content>
				</v8:item>
			</Title>
			<ToolTip>
				<v8:item>
					<v8:lang>ru</v8:lang>
					<v8:content>Обработка из состава PAPI-tools PAPI_НастройкаСоставаИсторииДанных</v8:content>
				</v8:item>
			</ToolTip>
			<Action>НастройкаСоставаИсторияДанных</Action>
		</Command>
		<Command name="НастройкаХраненияИсторииДанных" id="2">
			<Title>
				<v8:item>
					<v8:lang>ru</v8:lang>
					<v8:content>Настройка хранения истории данных</v8:content>
				</v8:item>
			</Title>
			<Action>НастройкаХраненияИсторииДанных</Action>
		</Command>
		<Command name="НастроитьРасписаниеУдаленияДанных" id="3">
			<Title>
				<v8:item>
					<v8:lang>ru</v8:lang>
					<v8:content>Настроить расписание</v8:content>
				</v8:item>
			</Title>
			<Action>НастроитьРасписаниеУдаленияДанных</Action>
		</Command>
		<Command name="ВыполнитьУдалениеДанных" id="4">
			<Title>
				<v8:item>
					<v8:lang>ru</v8:lang>
					<v8:content>Удалить данные</v8:content>
				</v8:item>
			</Title>
			<Picture>
				<xr:Ref>StdPicture.DeleteDirectly</xr:Ref>
				<xr:LoadTransparent>true</xr:LoadTransparent>
			</Picture>
			<Action>ВыполнитьУдалениеДанных</Action>
			<Representation>TextPicture</Representation>
		</Command>
		<Command name="ОбновитьPAPI" id="5">
			<Title>
				<v8:item>
					<v8:lang>ru</v8:lang>
					<v8:content>Обновить</v8:content>
				</v8:item>
			</Title>
			<ToolTip>
				<v8:item>
					<v8:lang>ru</v8:lang>
					<v8:content>Обновить подсистему PAPI</v8:content>
				</v8:item>
			</ToolTip>
			<Picture>
				<xr:Ref>StdPicture.Refresh</xr:Ref>
				<xr:LoadTransparent>true</xr:LoadTransparent>
			</Picture>
			<Action>ОбновитьPAPI</Action>
			<Representation>TextPicture</Representation>
		</Command>
		<Command name="НастроитьРасписаниеОбновленияДанных" id="6">
			<Title>
				<v8:item>
					<v8:lang>ru</v8:lang>
					<v8:content>Настроить расписание обновления данных</v8:content>
				</v8:item>
			</Title>
			<Action>НастроитьРасписаниеОбновленияДанных</Action>
		</Command>
		<Command name="ВыполнитьОбновлениеДанных" id="7">
			<Title>
				<v8:item>
					<v8:lang>ru</v8:lang>
					<v8:content>Обновить данные</v8:content>
				</v8:item>
			</Title>
			<Picture>
				<xr:Ref>StdPicture.Properties</xr:Ref>
				<xr:LoadTransparent>true</xr:LoadTransparent>
			</Picture>
			<Action>ВыполнитьОбновлениеДанных</Action>
			<Representation>TextPicture</Representation>
		</Command>
	</Commands>
</Form>