﻿<?xml version="1.0" encoding="UTF-8"?>
<CommandInterface xmlns="http://v8.1c.ru/8.3/xcf/extrnprops" xmlns:xr="http://v8.1c.ru/8.3/xcf/readable" xmlns:xs="http://www.w3.org/2001/XMLSchema" xmlns:xsi="http://www.w3.org/2001/XMLSchema-instance" version="2.17">
	<CommandsVisibility>
		<Command name="Constant.PAPI_Источник.StandardCommand.Open">
			<Visibility>
				<xr:Common>false</xr:Common>
			</Visibility>
		</Command>
		<Command name="Constant.PAPI_ОбменыСервисовИнтеграцииВключены.StandardCommand.Open">
			<Visibility>
				<xr:Common>false</xr:Common>
			</Visibility>
		</Command>
	</CommandsVisibility>
	<SubsystemsOrder>
		<Subsystem>Subsystem.PAPI.Subsystem.PAPI_СервисыИнтеграции</Subsystem>
		<Subsystem>c0b12657-2e31-4b2a-ade1-c0ecf639a038</Subsystem>
	</SubsystemsOrder>
</CommandInterface>