﻿<?xml version="1.0" encoding="UTF-8"?>
<CommandInterface xmlns="http://v8.1c.ru/8.3/xcf/extrnprops" xmlns:xr="http://v8.1c.ru/8.3/xcf/readable" xmlns:xs="http://www.w3.org/2001/XMLSchema" xmlns:xsi="http://www.w3.org/2001/XMLSchema-instance" version="2.20">
	<CommandsVisibility>
		<Command name="DataProcessor.PAPI_ОтправкаСообщенияСервисовИнтеграции.Command.ОтправкаСообщенияСервисовИнтеграции">
			<Visibility>
				<xr:Common>true</xr:Common>
			</Visibility>
		</Command>
		<Command name="DataProcessor.PAPI_СообщенияСервисовИнтеграции.Command.СообщенияСервисовИнтеграции">
			<Visibility>
				<xr:Common>true</xr:Common>
			</Visibility>
		</Command>
		<Command name="Catalog.PAPI_СозданиеСообщений.StandardCommand.OpenList">
			<Visibility>
				<xr:Common>false</xr:Common>
			</Visibility>
		</Command>
		<Command name="InformationRegister.PAPI_ОтборыПолучателей.StandardCommand.OpenList">
			<Visibility>
				<xr:Common>true</xr:Common>
			</Visibility>
		</Command>
		<Command name="DataProcessor.PAPI_ОтправкаСообщенияСервисовИнтеграции.StandardCommand.Open">
			<Visibility>
				<xr:Common>false</xr:Common>
			</Visibility>
		</Command>
		<Command name="DataProcessor.PAPI_СообщенияСервисовИнтеграции.StandardCommand.Open">
			<Visibility>
				<xr:Common>false</xr:Common>
			</Visibility>
		</Command>
		<Command name="Constant.PAPI_Источник.StandardCommand.Open">
			<Visibility>
				<xr:Common>false</xr:Common>
			</Visibility>
		</Command>
		<Command name="Constant.PAPI_ЛогированиеВходящихСообщенийСервисаИнтеграции.StandardCommand.Open">
			<Visibility>
				<xr:Common>false</xr:Common>
			</Visibility>
		</Command>
	</CommandsVisibility>
	<CommandsPlacement>
		<Command name="DataProcessor.PAPI_ОтправкаСообщенияСервисовИнтеграции.Command.ОтправкаСообщенияСервисовИнтеграции">
			<CommandGroup>NavigationPanelImportant</CommandGroup>
			<Placement>Auto</Placement>
		</Command>
		<Command name="DataProcessor.PAPI_СообщенияСервисовИнтеграции.Command.СообщенияСервисовИнтеграции">
			<CommandGroup>NavigationPanelImportant</CommandGroup>
			<Placement>Auto</Placement>
		</Command>
		<Command name="InformationRegister.PAPI_ОтборыПолучателей.StandardCommand.OpenList">
			<CommandGroup>NavigationPanelSeeAlso</CommandGroup>
			<Placement>Auto</Placement>
		</Command>
	</CommandsPlacement>
	<CommandsOrder>
		<Command name="DataProcessor.PAPI_ОтправкаСообщенияСервисовИнтеграции.Command.ОтправкаСообщенияСервисовИнтеграции">
			<CommandGroup>NavigationPanelImportant</CommandGroup>
		</Command>
		<Command name="DataProcessor.PAPI_СообщенияСервисовИнтеграции.Command.СообщенияСервисовИнтеграции">
			<CommandGroup>NavigationPanelImportant</CommandGroup>
		</Command>
		<Command name="Catalog.PAPI_ЧтениеСообщений.StandardCommand.OpenList">
			<CommandGroup>NavigationPanelOrdinary</CommandGroup>
		</Command>
		<Command name="InformationRegister.PAPI_ВходящиеСообщенияСервисаИнтеграции.StandardCommand.OpenList">
			<CommandGroup>NavigationPanelOrdinary</CommandGroup>
		</Command>
		<Command name="InformationRegister.PAPI_ЗапросНедостающихДанных.StandardCommand.OpenList">
			<CommandGroup>NavigationPanelOrdinary</CommandGroup>
		</Command>
		<Command name="Catalog.PAPI_СозданиеСообщений.StandardCommand.OpenList">
			<CommandGroup>NavigationPanelOrdinary</CommandGroup>
		</Command>
		<Command name="InformationRegister.PAPI_ОтборыПолучателей.StandardCommand.OpenList">
			<CommandGroup>NavigationPanelSeeAlso</CommandGroup>
		</Command>
	</CommandsOrder>
	<GroupsOrder>
		<Group>NavigationPanelImportant</Group>
		<Group>NavigationPanelOrdinary</Group>
		<Group>NavigationPanelSeeAlso</Group>
	</GroupsOrder>
</CommandInterface>