﻿<?xml version="1.0" encoding="UTF-8"?>
<CommandInterface xmlns="http://v8.1c.ru/8.3/xcf/extrnprops" xmlns:xr="http://v8.1c.ru/8.3/xcf/readable" xmlns:xs="http://www.w3.org/2001/XMLSchema" xmlns:xsi="http://www.w3.org/2001/XMLSchema-instance" version="2.17">
	<CommandsVisibility>
		<Command name="Catalog.PAPI_ВнешняяОбработка.StandardCommand.OpenList">
			<Visibility>
				<xr:Common>true</xr:Common>
			</Visibility>
		</Command>
		<Command name="Constant.PAPI_ДатаЗапретаОбменаДокументов.StandardCommand.Open">
			<Visibility>
				<xr:Common>false</xr:Common>
			</Visibility>
		</Command>
	</CommandsVisibility>
	<CommandsPlacement>
		<Command name="Catalog.PAPI_ВнешняяОбработка.StandardCommand.OpenList">
			<CommandGroup>NavigationPanelImportant</CommandGroup>
			<Placement>Auto</Placement>
		</Command>
	</CommandsPlacement>
	<CommandsOrder>
		<Command name="Catalog.PAPI_ВнешняяОбработка.StandardCommand.OpenList">
			<CommandGroup>NavigationPanelImportant</CommandGroup>
		</Command>
	</CommandsOrder>
	<SubsystemsOrder>
		<Subsystem>Subsystem.PAPI.Subsystem.PAPI_ВычисляемыеПодсистемы.Subsystem.PAPI_Алгоритмы</Subsystem>
	</SubsystemsOrder>
	<GroupsOrder>
		<Group>NavigationPanelImportant</Group>
	</GroupsOrder>
</CommandInterface>