﻿<?xml version="1.0" encoding="UTF-8"?>
<CommandInterface xmlns="http://v8.1c.ru/8.3/xcf/extrnprops" xmlns:xr="http://v8.1c.ru/8.3/xcf/readable" xmlns:xs="http://www.w3.org/2001/XMLSchema" xmlns:xsi="http://www.w3.org/2001/XMLSchema-instance" version="2.17">
	<CommandsVisibility>
		<Command name="Constant.PAPI_НастройкаХраненияДанных.StandardCommand.Open">
			<Visibility>
				<xr:Common>false</xr:Common>
			</Visibility>
		</Command>
		<Command name="CommonForm.PAPI_Настройки.StandardCommand.Open">
			<Visibility>
				<xr:Common>false</xr:Common>
			</Visibility>
		</Command>
		<Command name="Constant.PAPI_ТекущаяВерсия.StandardCommand.Open">
			<Visibility>
				<xr:Common>false</xr:Common>
			</Visibility>
		</Command>
	</CommandsVisibility>
	<CommandsOrder>
		<Command name="CommonCommand.PAPI_Настройки">
			<CommandGroup>NavigationPanelImportant</CommandGroup>
		</Command>
	</CommandsOrder>
	<SubsystemsOrder>
		<Subsystem>Subsystem.PAPI.Subsystem.PAPI_ВычисляемыеПодсистемы</Subsystem>
		<Subsystem>Subsystem.PAPI.Subsystem.PAPI_ИсторияДанных</Subsystem>
		<Subsystem>Subsystem.PAPI.Subsystem.PAPI_ОтложенныеОперации</Subsystem>
		<Subsystem>Subsystem.PAPI.Subsystem.PAPI_Инструменты</Subsystem>
		<Subsystem>Subsystem.PAPI.Subsystem.PAPI_КонсольКода</Subsystem>
	</SubsystemsOrder>
	<GroupsOrder>
		<Group>NavigationPanelImportant</Group>
		<Group>NavigationPanelOrdinary</Group>
	</GroupsOrder>
</CommandInterface>