﻿<?xml version="1.0" encoding="UTF-8"?>
<MetaDataObject xmlns="http://v8.1c.ru/8.3/MDClasses" xmlns:app="http://v8.1c.ru/8.2/managed-application/core" xmlns:cfg="http://v8.1c.ru/8.1/data/enterprise/current-config" xmlns:cmi="http://v8.1c.ru/8.2/managed-application/cmi" xmlns:ent="http://v8.1c.ru/8.1/data/enterprise" xmlns:lf="http://v8.1c.ru/8.2/managed-application/logform" xmlns:style="http://v8.1c.ru/8.1/data/ui/style" xmlns:sys="http://v8.1c.ru/8.1/data/ui/fonts/system" xmlns:v8="http://v8.1c.ru/8.1/data/core" xmlns:v8ui="http://v8.1c.ru/8.1/data/ui" xmlns:web="http://v8.1c.ru/8.1/data/ui/colors/web" xmlns:win="http://v8.1c.ru/8.1/data/ui/colors/windows" xmlns:xen="http://v8.1c.ru/8.3/xcf/enums" xmlns:xpr="http://v8.1c.ru/8.3/xcf/predef" xmlns:xr="http://v8.1c.ru/8.3/xcf/readable" xmlns:xs="http://www.w3.org/2001/XMLSchema" xmlns:xsi="http://www.w3.org/2001/XMLSchema-instance" version="2.20">
	<Subsystem uuid="6abf5225-97d8-4460-9452-fb426ae64338">
		<Properties>
			<Name>PAPI_ИсторияДанных</Name>
			<Synonym>
				<v8:item>
					<v8:lang>ru</v8:lang>
					<v8:content>История данных</v8:content>
				</v8:item>
			</Synonym>
			<Comment/>
			<IncludeHelpInContents>true</IncludeHelpInContents>
			<IncludeInCommandInterface>true</IncludeInCommandInterface>
			<UseOneCommand>false</UseOneCommand>
			<Explanation>
				<v8:item>
					<v8:lang>ru</v8:lang>
					<v8:content>Подсистема по работе с историей данных</v8:content>
				</v8:item>
			</Explanation>
			<Picture/>
			<Content>
				<xr:Item xsi:type="xr:MDObjectRef">CommonModule.PAPI_ИсторияДанных</xr:Item>
				<xr:Item xsi:type="xr:MDObjectRef">DataProcessor.PAPI_НастройкаСоставаИсторииДанных</xr:Item>
				<xr:Item xsi:type="xr:MDObjectRef">ScheduledJob.PAPI_ИсторияДанныхОбновитьИсторию</xr:Item>
				<xr:Item xsi:type="xr:MDObjectRef">InformationRegister.PAPI_НастройкиХраненияИстории</xr:Item>
				<xr:Item xsi:type="xr:MDObjectRef">ScheduledJob.PAPI_ИсторияДанныхУдалитьВерсии</xr:Item>
				<xr:Item xsi:type="xr:MDObjectRef">Constant.PAPI_ВыполнитьОбработкуПослеЗаписиВерсий</xr:Item>
				<xr:Item xsi:type="xr:MDObjectRef">Constant.PAPI_АвтоУдалениеИзОбработкиПослеЗаписиВерсий</xr:Item>
			</Content>
		</Properties>
		<ChildObjects>
			<Subsystem>PAPI_ОбработкаПослеЗаписиВерсий</Subsystem>
		</ChildObjects>
	</Subsystem>
</MetaDataObject>