﻿<?xml version="1.0" encoding="UTF-8"?>
<MetaDataObject xmlns="http://v8.1c.ru/8.3/MDClasses" xmlns:app="http://v8.1c.ru/8.2/managed-application/core" xmlns:cfg="http://v8.1c.ru/8.1/data/enterprise/current-config" xmlns:cmi="http://v8.1c.ru/8.2/managed-application/cmi" xmlns:ent="http://v8.1c.ru/8.1/data/enterprise" xmlns:lf="http://v8.1c.ru/8.2/managed-application/logform" xmlns:style="http://v8.1c.ru/8.1/data/ui/style" xmlns:sys="http://v8.1c.ru/8.1/data/ui/fonts/system" xmlns:v8="http://v8.1c.ru/8.1/data/core" xmlns:v8ui="http://v8.1c.ru/8.1/data/ui" xmlns:web="http://v8.1c.ru/8.1/data/ui/colors/web" xmlns:win="http://v8.1c.ru/8.1/data/ui/colors/windows" xmlns:xen="http://v8.1c.ru/8.3/xcf/enums" xmlns:xpr="http://v8.1c.ru/8.3/xcf/predef" xmlns:xr="http://v8.1c.ru/8.3/xcf/readable" xmlns:xs="http://www.w3.org/2001/XMLSchema" xmlns:xsi="http://www.w3.org/2001/XMLSchema-instance" version="2.17">
	<Subsystem uuid="8a444977-44ca-4c8e-9faa-37e226442828">
		<Properties>
			<Name>PAPI_СервисыИнтеграции</Name>
			<Synonym>
				<v8:item>
					<v8:lang>ru</v8:lang>
					<v8:content>Сервисы интеграции</v8:content>
				</v8:item>
			</Synonym>
			<Comment/>
			<IncludeHelpInContents>true</IncludeHelpInContents>
			<IncludeInCommandInterface>true</IncludeInCommandInterface>
			<UseOneCommand>false</UseOneCommand>
			<Explanation/>
			<Picture/>
			<Content>
				<xr:Item xsi:type="xr:MDObjectRef">InformationRegister.PAPI_ВходящиеСообщенияСервисаИнтеграции</xr:Item>
				<xr:Item xsi:type="xr:MDObjectRef">CommonModule.PAPI_СервисыИнтеграции</xr:Item>
				<xr:Item xsi:type="xr:MDObjectRef">FunctionalOption.PAPI_ОбменыСервисовИнтеграцииВключены</xr:Item>
				<xr:Item xsi:type="xr:MDObjectRef">DataProcessor.PAPI_НастройкаСервисовИнтеграции</xr:Item>
				<xr:Item xsi:type="xr:MDObjectRef">Constant.PAPI_ОбменыСервисовИнтеграцииВключены</xr:Item>
				<xr:Item xsi:type="xr:MDObjectRef">Constant.PAPI_ЛогированиеВходящихСообщенийСервисаИнтеграции</xr:Item>
				<xr:Item xsi:type="xr:MDObjectRef">FunctionalOption.PAPI_ЛогированиеВходящихСообщенийСервисаИнтеграции</xr:Item>
				<xr:Item xsi:type="xr:MDObjectRef">InformationRegister.PAPI_ЗапросНедостающихДанных</xr:Item>
				<xr:Item xsi:type="xr:MDObjectRef">ScheduledJob.PAPI_СервисыИнтеграцииВыполнитьОбработку</xr:Item>
			</Content>
		</Properties>
		<ChildObjects>
			<Subsystem>PAPI_Каналы</Subsystem>
			<Subsystem>PAPI_СообщенияСервисовИнтеграции</Subsystem>
		</ChildObjects>
	</Subsystem>
</MetaDataObject>