﻿<?xml version="1.0" encoding="UTF-8"?>
<MetaDataObject xmlns="http://v8.1c.ru/8.3/MDClasses" xmlns:app="http://v8.1c.ru/8.2/managed-application/core" xmlns:cfg="http://v8.1c.ru/8.1/data/enterprise/current-config" xmlns:cmi="http://v8.1c.ru/8.2/managed-application/cmi" xmlns:ent="http://v8.1c.ru/8.1/data/enterprise" xmlns:lf="http://v8.1c.ru/8.2/managed-application/logform" xmlns:style="http://v8.1c.ru/8.1/data/ui/style" xmlns:sys="http://v8.1c.ru/8.1/data/ui/fonts/system" xmlns:v8="http://v8.1c.ru/8.1/data/core" xmlns:v8ui="http://v8.1c.ru/8.1/data/ui" xmlns:web="http://v8.1c.ru/8.1/data/ui/colors/web" xmlns:win="http://v8.1c.ru/8.1/data/ui/colors/windows" xmlns:xen="http://v8.1c.ru/8.3/xcf/enums" xmlns:xpr="http://v8.1c.ru/8.3/xcf/predef" xmlns:xr="http://v8.1c.ru/8.3/xcf/readable" xmlns:xs="http://www.w3.org/2001/XMLSchema" xmlns:xsi="http://www.w3.org/2001/XMLSchema-instance" version="2.20">
	<Subsystem uuid="536ebe14-c111-4b2e-b671-3622a33df93e">
		<Properties>
			<Name>PAPI_ВычисляемыеПодсистемы</Name>
			<Synonym>
				<v8:item>
					<v8:lang>ru</v8:lang>
					<v8:content>Вычисляемые подсистемы</v8:content>
				</v8:item>
			</Synonym>
			<Comment/>
			<IncludeHelpInContents>true</IncludeHelpInContents>
			<IncludeInCommandInterface>true</IncludeInCommandInterface>
			<UseOneCommand>false</UseOneCommand>
			<Explanation>
				<v8:item>
					<v8:lang>ru</v8:lang>
					<v8:content>Содержат вычисляемые алгоритмы. Подсистемы из этого блока взаимосвязаны между собой.</v8:content>
				</v8:item>
			</Explanation>
			<Picture/>
			<Content>
				<xr:Item xsi:type="xr:MDObjectRef">CommonModule.PAPI</xr:Item>
				<xr:Item xsi:type="xr:MDObjectRef">CommonModule.PAPI_РаботаСОтветом</xr:Item>
				<xr:Item xsi:type="xr:MDObjectRef">Catalog.PAPI_ШаблоныСообщений</xr:Item>
				<xr:Item xsi:type="xr:MDObjectRef">CommonPicture.PAPI_Команды</xr:Item>
				<xr:Item xsi:type="xr:MDObjectRef">Constant.PAPI_ДатаЗапретаОбменаДокументов</xr:Item>
				<xr:Item xsi:type="xr:MDObjectRef">CommonModule.PAPI_СлужебныеДляОбмена</xr:Item>
				<xr:Item xsi:type="xr:MDObjectRef">CommonModule.PAPI_РаботаСВнешнимиОбработками</xr:Item>
				<xr:Item xsi:type="xr:MDObjectRef">Enum.PAPI_ТипВыполнения</xr:Item>
				<xr:Item xsi:type="xr:MDObjectRef">Catalog.PAPI_ВнешняяОбработка</xr:Item>
				<xr:Item xsi:type="xr:MDObjectRef">Enum.PAPI_ТипПодпискиНаСобытие</xr:Item>
				<xr:Item xsi:type="xr:MDObjectRef">CommonModule.PAPI_ПодпискиНаСобытия</xr:Item>
			</Content>
		</Properties>
		<ChildObjects>
			<Subsystem>PAPI_Алгоритмы</Subsystem>
		</ChildObjects>
	</Subsystem>
</MetaDataObject>