﻿<?xml version="1.0" encoding="UTF-8"?>
<MetaDataObject xmlns="http://v8.1c.ru/8.3/MDClasses" xmlns:app="http://v8.1c.ru/8.2/managed-application/core" xmlns:cfg="http://v8.1c.ru/8.1/data/enterprise/current-config" xmlns:cmi="http://v8.1c.ru/8.2/managed-application/cmi" xmlns:ent="http://v8.1c.ru/8.1/data/enterprise" xmlns:lf="http://v8.1c.ru/8.2/managed-application/logform" xmlns:style="http://v8.1c.ru/8.1/data/ui/style" xmlns:sys="http://v8.1c.ru/8.1/data/ui/fonts/system" xmlns:v8="http://v8.1c.ru/8.1/data/core" xmlns:v8ui="http://v8.1c.ru/8.1/data/ui" xmlns:web="http://v8.1c.ru/8.1/data/ui/colors/web" xmlns:win="http://v8.1c.ru/8.1/data/ui/colors/windows" xmlns:xen="http://v8.1c.ru/8.3/xcf/enums" xmlns:xpr="http://v8.1c.ru/8.3/xcf/predef" xmlns:xr="http://v8.1c.ru/8.3/xcf/readable" xmlns:xs="http://www.w3.org/2001/XMLSchema" xmlns:xsi="http://www.w3.org/2001/XMLSchema-instance" version="2.20">
	<Subsystem uuid="f1cbb5d2-79a6-443f-b1d0-c79108bb7872">
		<Properties>
			<Name>PAPI_КонсольКода</Name>
			<Synonym>
				<v8:item>
					<v8:lang>ru</v8:lang>
					<v8:content>Консоль кода</v8:content>
				</v8:item>
			</Synonym>
			<Comment>На основе разработки https://infostart.ru/1c/tools/1989363/</Comment>
			<IncludeHelpInContents>true</IncludeHelpInContents>
			<IncludeInCommandInterface>true</IncludeInCommandInterface>
			<UseOneCommand>false</UseOneCommand>
			<Explanation/>
			<Picture/>
			<Content>
				<xr:Item xsi:type="xr:MDObjectRef">DataProcessor.PAPI_КонсольКода</xr:Item>
				<xr:Item xsi:type="xr:MDObjectRef">CommonPicture.PAPI_РежимСравнения</xr:Item>
				<xr:Item xsi:type="xr:MDObjectRef">CommonPicture.PAPI_ПробелыИТабуляция</xr:Item>
				<xr:Item xsi:type="xr:MDObjectRef">CommonModule.PAPI_КонсольКодаВызовСервера</xr:Item>
				<xr:Item xsi:type="xr:MDObjectRef">CommonModule.PAPI_КонсольКода</xr:Item>
				<xr:Item xsi:type="xr:MDObjectRef">CommonModule.PAPI_КонсольКодаКлиент</xr:Item>
				<xr:Item xsi:type="xr:MDObjectRef">CommonModule.PAPI_КонсольКодаКлиентСервер</xr:Item>
			</Content>
		</Properties>
		<ChildObjects/>
	</Subsystem>
</MetaDataObject>