﻿<?xml version="1.0" encoding="UTF-8"?>
<MetaDataObject xmlns="http://v8.1c.ru/8.3/MDClasses" xmlns:app="http://v8.1c.ru/8.2/managed-application/core" xmlns:cfg="http://v8.1c.ru/8.1/data/enterprise/current-config" xmlns:cmi="http://v8.1c.ru/8.2/managed-application/cmi" xmlns:ent="http://v8.1c.ru/8.1/data/enterprise" xmlns:lf="http://v8.1c.ru/8.2/managed-application/logform" xmlns:style="http://v8.1c.ru/8.1/data/ui/style" xmlns:sys="http://v8.1c.ru/8.1/data/ui/fonts/system" xmlns:v8="http://v8.1c.ru/8.1/data/core" xmlns:v8ui="http://v8.1c.ru/8.1/data/ui" xmlns:web="http://v8.1c.ru/8.1/data/ui/colors/web" xmlns:win="http://v8.1c.ru/8.1/data/ui/colors/windows" xmlns:xen="http://v8.1c.ru/8.3/xcf/enums" xmlns:xpr="http://v8.1c.ru/8.3/xcf/predef" xmlns:xr="http://v8.1c.ru/8.3/xcf/readable" xmlns:xs="http://www.w3.org/2001/XMLSchema" xmlns:xsi="http://www.w3.org/2001/XMLSchema-instance" version="2.17">
	<Subsystem uuid="d80565dc-59cb-4c4b-a6b4-36f550b5a86f">
		<Properties>
			<Name>PAPI_HTTP</Name>
			<Synonym>
				<v8:item>
					<v8:lang>ru</v8:lang>
					<v8:content>HTTP-сервисы</v8:content>
				</v8:item>
			</Synonym>
			<Comment/>
			<IncludeHelpInContents>true</IncludeHelpInContents>
			<IncludeInCommandInterface>true</IncludeInCommandInterface>
			<UseOneCommand>false</UseOneCommand>
			<Explanation>
				<v8:item>
					<v8:lang>ru</v8:lang>
					<v8:content>Подсистема для реализации http-сервисов</v8:content>
				</v8:item>
			</Explanation>
			<Picture/>
			<Content>
				<xr:Item xsi:type="xr:MDObjectRef">HTTPService.PAPI</xr:Item>
				<xr:Item xsi:type="xr:MDObjectRef">Enum.PAPI_ТелоЗапроса</xr:Item>
				<xr:Item xsi:type="xr:MDObjectRef">Enum.PAPI_ТелоОтвета</xr:Item>
				<xr:Item xsi:type="xr:MDObjectRef">Catalog.PAPI_Методы</xr:Item>
				<xr:Item xsi:type="xr:MDObjectRef">CommonModule.PAPI_РаботаСВходящимиЗапросами</xr:Item>
				<xr:Item xsi:type="xr:MDObjectRef">Document.PAPI_ВходящийЗапрос</xr:Item>
				<xr:Item xsi:type="xr:MDObjectRef">CommonModule.PAPI_РаботаСМетодами</xr:Item>
				<xr:Item xsi:type="xr:MDObjectRef">InformationRegister.PAPI_ЛогМетодов</xr:Item>
				<xr:Item xsi:type="xr:MDObjectRef">DataProcessor.PAPI_ОтладкаВходящегоЗапроса</xr:Item>
				<xr:Item xsi:type="xr:MDObjectRef">HTTPService.PAPI_lower</xr:Item>
			</Content>
		</Properties>
		<ChildObjects/>
	</Subsystem>
</MetaDataObject>