﻿<?xml version="1.0" encoding="UTF-8"?>
<MetaDataObject xmlns="http://v8.1c.ru/8.3/MDClasses" xmlns:app="http://v8.1c.ru/8.2/managed-application/core" xmlns:cfg="http://v8.1c.ru/8.1/data/enterprise/current-config" xmlns:cmi="http://v8.1c.ru/8.2/managed-application/cmi" xmlns:ent="http://v8.1c.ru/8.1/data/enterprise" xmlns:lf="http://v8.1c.ru/8.2/managed-application/logform" xmlns:style="http://v8.1c.ru/8.1/data/ui/style" xmlns:sys="http://v8.1c.ru/8.1/data/ui/fonts/system" xmlns:v8="http://v8.1c.ru/8.1/data/core" xmlns:v8ui="http://v8.1c.ru/8.1/data/ui" xmlns:web="http://v8.1c.ru/8.1/data/ui/colors/web" xmlns:win="http://v8.1c.ru/8.1/data/ui/colors/windows" xmlns:xen="http://v8.1c.ru/8.3/xcf/enums" xmlns:xpr="http://v8.1c.ru/8.3/xcf/predef" xmlns:xr="http://v8.1c.ru/8.3/xcf/readable" xmlns:xs="http://www.w3.org/2001/XMLSchema" xmlns:xsi="http://www.w3.org/2001/XMLSchema-instance" version="2.17">
	<HTTPService uuid="c21247e5-bb7d-4f1a-b76f-75ca83622c3f">
		<Properties>
			<Name>PAPI_lower</Name>
			<Synonym>
				<v8:item>
					<v8:lang>ru</v8:lang>
					<v8:content>PAPI: Нижний регистр</v8:content>
				</v8:item>
			</Synonym>
			<Comment>PAPI: Pretty API</Comment>
			<RootURL>papi</RootURL>
			<ReuseSessions>AutoUse</ReuseSessions>
			<SessionMaxAge>20</SessionMaxAge>
		</Properties>
		<ChildObjects>
			<URLTemplate uuid="9e52fd40-8f1b-41c0-a90f-a695fa6e63be">
				<Properties>
					<Name>PAPI</Name>
					<Synonym>
						<v8:item>
							<v8:lang>ru</v8:lang>
							<v8:content>PAPI</v8:content>
						</v8:item>
					</Synonym>
					<Comment>PAPI: Pretty API</Comment>
					<Template>/{MethodVersion}/{MethodName}</Template>
				</Properties>
				<ChildObjects>
					<Method uuid="0dbfd383-0e81-4f16-8c32-98e8858b0b39">
						<Properties>
							<Name>ANY</Name>
							<Synonym>
								<v8:item>
									<v8:lang>ru</v8:lang>
									<v8:content>ANY</v8:content>
								</v8:item>
							</Synonym>
							<Comment>Универсальный HTTP метод</Comment>
							<HTTPMethod>Any</HTTPMethod>
							<Handler>PAPI_ANY</Handler>
						</Properties>
					</Method>
				</ChildObjects>
			</URLTemplate>
		</ChildObjects>
	</HTTPService>
</MetaDataObject>