﻿<?xml version="1.0" encoding="UTF-8"?>
<MetaDataObject xmlns="http://v8.1c.ru/8.3/MDClasses" xmlns:app="http://v8.1c.ru/8.2/managed-application/core" xmlns:cfg="http://v8.1c.ru/8.1/data/enterprise/current-config" xmlns:cmi="http://v8.1c.ru/8.2/managed-application/cmi" xmlns:ent="http://v8.1c.ru/8.1/data/enterprise" xmlns:lf="http://v8.1c.ru/8.2/managed-application/logform" xmlns:style="http://v8.1c.ru/8.1/data/ui/style" xmlns:sys="http://v8.1c.ru/8.1/data/ui/fonts/system" xmlns:v8="http://v8.1c.ru/8.1/data/core" xmlns:v8ui="http://v8.1c.ru/8.1/data/ui" xmlns:web="http://v8.1c.ru/8.1/data/ui/colors/web" xmlns:win="http://v8.1c.ru/8.1/data/ui/colors/windows" xmlns:xen="http://v8.1c.ru/8.3/xcf/enums" xmlns:xpr="http://v8.1c.ru/8.3/xcf/predef" xmlns:xr="http://v8.1c.ru/8.3/xcf/readable" xmlns:xs="http://www.w3.org/2001/XMLSchema" xmlns:xsi="http://www.w3.org/2001/XMLSchema-instance" version="2.17">
	<HTTPService uuid="62612da8-fbd9-4f9c-af78-3c65c1dcd54a">
		<Properties>
			<Name>PAPI</Name>
			<Synonym>
				<v8:item>
					<v8:lang>ru</v8:lang>
					<v8:content>PAPI</v8:content>
				</v8:item>
			</Synonym>
			<Comment>PAPI: Pretty API</Comment>
			<RootURL>PAPI</RootURL>
			<ReuseSessions>AutoUse</ReuseSessions>
			<SessionMaxAge>20</SessionMaxAge>
		</Properties>
		<ChildObjects>
			<URLTemplate uuid="59fdde9d-95a1-46d7-92d3-532811e5f81a">
				<Properties>
					<Name>PAPI</Name>
					<Synonym>
						<v8:item>
							<v8:lang>ru</v8:lang>
							<v8:content>PAPI</v8:content>
						</v8:item>
					</Synonym>
					<Comment>PAPI: Pretty API</Comment>
					<Template>/{MethodVersion}/{MethodName}</Template>
				</Properties>
				<ChildObjects>
					<Method uuid="7ad22af8-e220-4652-913e-4e3ac77a3f3e">
						<Properties>
							<Name>ANY</Name>
							<Synonym>
								<v8:item>
									<v8:lang>ru</v8:lang>
									<v8:content>ANY</v8:content>
								</v8:item>
							</Synonym>
							<Comment>Универсальный HTTP метод</Comment>
							<HTTPMethod>Any</HTTPMethod>
							<Handler>PAPI_ANY</Handler>
						</Properties>
					</Method>
				</ChildObjects>
			</URLTemplate>
		</ChildObjects>
	</HTTPService>
</MetaDataObject>