﻿<?xml version="1.0" encoding="UTF-8"?>
<CommandInterface xmlns="http://v8.1c.ru/8.3/xcf/extrnprops" xmlns:xr="http://v8.1c.ru/8.3/xcf/readable" xmlns:xs="http://www.w3.org/2001/XMLSchema" xmlns:xsi="http://www.w3.org/2001/XMLSchema-instance" version="2.17">
	<CommandsVisibility>
		<Command name="DataProcessor.PAPI_НастройкаСоставаИсторииДанных.Command.НастройкаСоставаИД">
			<Visibility>
				<xr:Common>true</xr:Common>
			</Visibility>
		</Command>
		<Command name="DataProcessor.PAPI_НастройкаСоставаИсторииДанных.StandardCommand.Open">
			<Visibility>
				<xr:Common>false</xr:Common>
			</Visibility>
		</Command>
	</CommandsVisibility>
	<CommandsPlacement>
		<Command name="DataProcessor.PAPI_НастройкаСоставаИсторииДанных.Command.НастройкаСоставаИД">
			<CommandGroup>NavigationPanelImportant</CommandGroup>
			<Placement>Auto</Placement>
		</Command>
	</CommandsPlacement>
	<CommandsOrder>
		<Command name="DataProcessor.PAPI_НастройкаСоставаИсторииДанных.Command.НастройкаСоставаИД">
			<CommandGroup>NavigationPanelImportant</CommandGroup>
		</Command>
	</CommandsOrder>
	<SubsystemsOrder>
		<Subsystem>8848217b-20d7-4366-bffa-f96230fe8236</Subsystem>
	</SubsystemsOrder>
	<GroupsOrder>
		<Group>NavigationPanelImportant</Group>
		<Group>NavigationPanelOrdinary</Group>
	</GroupsOrder>
</CommandInterface>