﻿<?xml version="1.0" encoding="UTF-8"?>
<CommandInterface xmlns="http://v8.1c.ru/8.3/xcf/extrnprops" xmlns:xr="http://v8.1c.ru/8.3/xcf/readable" xmlns:xs="http://www.w3.org/2001/XMLSchema" xmlns:xsi="http://www.w3.org/2001/XMLSchema-instance" version="2.17">
	<CommandsVisibility>
		<Command name="InformationRegister.PAPI_ОчередьАлгоритмовДляФоновогоВыполнения.StandardCommand.OpenList">
			<Visibility>
				<xr:Common>false</xr:Common>
			</Visibility>
		</Command>
		<Command name="Constant.PAPI_КоличествоПопытокОчередиДокументов.StandardCommand.Open">
			<Visibility>
				<xr:Common>false</xr:Common>
			</Visibility>
		</Command>
	</CommandsVisibility>
	<CommandsOrder>
		<Command name="InformationRegister.PAPI_ОчередьДействийСДокументами.StandardCommand.OpenList">
			<CommandGroup>NavigationPanelOrdinary</CommandGroup>
		</Command>
		<Command name="InformationRegister.PAPI_ОчередьАлгоритмовДляФоновогоВыполнения.StandardCommand.OpenList">
			<CommandGroup>NavigationPanelOrdinary</CommandGroup>
		</Command>
	</CommandsOrder>
	<GroupsOrder>
		<Group>NavigationPanelOrdinary</Group>
	</GroupsOrder>
</CommandInterface>