﻿<?xml version="1.0" encoding="UTF-8"?>
<MetaDataObject xmlns="http://v8.1c.ru/8.3/MDClasses" xmlns:app="http://v8.1c.ru/8.2/managed-application/core" xmlns:cfg="http://v8.1c.ru/8.1/data/enterprise/current-config" xmlns:cmi="http://v8.1c.ru/8.2/managed-application/cmi" xmlns:ent="http://v8.1c.ru/8.1/data/enterprise" xmlns:lf="http://v8.1c.ru/8.2/managed-application/logform" xmlns:style="http://v8.1c.ru/8.1/data/ui/style" xmlns:sys="http://v8.1c.ru/8.1/data/ui/fonts/system" xmlns:v8="http://v8.1c.ru/8.1/data/core" xmlns:v8ui="http://v8.1c.ru/8.1/data/ui" xmlns:web="http://v8.1c.ru/8.1/data/ui/colors/web" xmlns:win="http://v8.1c.ru/8.1/data/ui/colors/windows" xmlns:xen="http://v8.1c.ru/8.3/xcf/enums" xmlns:xpr="http://v8.1c.ru/8.3/xcf/predef" xmlns:xr="http://v8.1c.ru/8.3/xcf/readable" xmlns:xs="http://www.w3.org/2001/XMLSchema" xmlns:xsi="http://www.w3.org/2001/XMLSchema-instance" version="2.17">
	<Subsystem uuid="a17e61f6-2bdd-45e2-b9c2-9661609099be">
		<Properties>
			<Name>PAPI</Name>
			<Synonym>
				<v8:item>
					<v8:lang>ru</v8:lang>
					<v8:content>PAPI</v8:content>
				</v8:item>
			</Synonym>
			<Comment>PAPI - Pretty API</Comment>
			<IncludeHelpInContents>true</IncludeHelpInContents>
			<IncludeInCommandInterface>true</IncludeInCommandInterface>
			<UseOneCommand>false</UseOneCommand>
			<Explanation>
				<v8:item>
					<v8:lang>ru</v8:lang>
					<v8:content>Pretty API - Подсистема интеграционных инструментов</v8:content>
				</v8:item>
			</Explanation>
			<Picture>
				<xr:Ref>CommonPicture.PAPI</xr:Ref>
				<xr:LoadTransparent>true</xr:LoadTransparent>
			</Picture>
			<Content>
				<xr:Item xsi:type="xr:MDObjectRef">CommonPicture.PAPI</xr:Item>
				<xr:Item xsi:type="xr:MDObjectRef">Role.PAPI_Администратор</xr:Item>
				<xr:Item xsi:type="xr:MDObjectRef">Role.PAPI_БазовыеПрава</xr:Item>
				<xr:Item xsi:type="xr:MDObjectRef">Role.PAPI_ПодсистемаPAPI</xr:Item>
				<xr:Item xsi:type="xr:MDObjectRef">CommonModule.PAPI_РаботаСАлгоритмами</xr:Item>
				<xr:Item xsi:type="xr:MDObjectRef">CommonModule.PAPI_ОбщегоНазначенияВызовСервера</xr:Item>
				<xr:Item xsi:type="xr:MDObjectRef">CommonModule.PAPI_Логирование</xr:Item>
				<xr:Item xsi:type="xr:MDObjectRef">Catalog.PAPI_Алгоритмы</xr:Item>
				<xr:Item xsi:type="xr:MDObjectRef">Catalog.PAPI_ВнешняяОбработка</xr:Item>
				<xr:Item xsi:type="xr:MDObjectRef">Catalog.PAPI_ШаблоныСообщений</xr:Item>
				<xr:Item xsi:type="xr:MDObjectRef">Enum.PAPI_ТипЛога</xr:Item>
				<xr:Item xsi:type="xr:MDObjectRef">InformationRegister.PAPI_ЛогАлгоритмов</xr:Item>
				<xr:Item xsi:type="xr:MDObjectRef">CommonModule.PAPI_ДанныеДляЗаполненияНастроек</xr:Item>
				<xr:Item xsi:type="xr:MDObjectRef">CommonModule.PAPI</xr:Item>
				<xr:Item xsi:type="xr:MDObjectRef">CommonModule.PAPI_РаботаСВнешнимиОбработками</xr:Item>
				<xr:Item xsi:type="xr:MDObjectRef">CommonModule.PAPI_ОбщегоНазначенияКлиентСервер</xr:Item>
				<xr:Item xsi:type="xr:MDObjectRef">Enum.PAPI_ТипВыполнения</xr:Item>
				<xr:Item xsi:type="xr:MDObjectRef">CommonModule.PAPI_РаботаСОтветом</xr:Item>
				<xr:Item xsi:type="xr:MDObjectRef">CommonPicture.PAPI_Команды</xr:Item>
				<xr:Item xsi:type="xr:MDObjectRef">CommonPicture.PAPI_Метаданные</xr:Item>
				<xr:Item xsi:type="xr:MDObjectRef">InformationRegister.PAPI_ОтборыПолучателей</xr:Item>
				<xr:Item xsi:type="xr:MDObjectRef">Constant.PAPI_ДатаЗапретаОбменаДокументов</xr:Item>
				<xr:Item xsi:type="xr:MDObjectRef">CommonModule.PAPI_СлужебныеДляОбмена</xr:Item>
				<xr:Item xsi:type="xr:MDObjectRef">Constant.PAPI_КоличествоПопытокОчередиДокументов</xr:Item>
				<xr:Item xsi:type="xr:MDObjectRef">Constant.PAPI_ЛогированиеВходящихСообщенийСервисаИнтеграции</xr:Item>
				<xr:Item xsi:type="xr:MDObjectRef">Constant.PAPI_ОбменыСервисовИнтеграцииВключены</xr:Item>
				<xr:Item xsi:type="xr:MDObjectRef">CommonCommand.PAPI_Настройки</xr:Item>
				<xr:Item xsi:type="xr:MDObjectRef">CommonForm.PAPI_Настройки</xr:Item>
				<xr:Item xsi:type="xr:MDObjectRef">InformationRegister.PAPI_ОшибкиОбработкиПослеЗаписиВерсий</xr:Item>
				<xr:Item xsi:type="xr:MDObjectRef">Role.PAPI_Оператор</xr:Item>
			</Content>
		</Properties>
		<ChildObjects>
			<Subsystem>PAPI_Алгоритмы</Subsystem>
			<Subsystem>PAPI_HTTP</Subsystem>
			<Subsystem>PAPI_ИсторияДанных</Subsystem>
			<Subsystem>PAPI_ОтложенныеОперации</Subsystem>
			<Subsystem>PAPI_ПодпискиНаСобытия</Subsystem>
			<Subsystem>PAPI_Шина</Subsystem>
			<Subsystem>PAPI_ДополнительныеИнструменты</Subsystem>
			<Subsystem>PAPI_СервисыИнтеграции</Subsystem>
		</ChildObjects>
	</Subsystem>
</MetaDataObject>