﻿<?xml version="1.0" encoding="UTF-8"?>
<Rights xmlns="http://v8.1c.ru/8.2/roles" xmlns:xs="http://www.w3.org/2001/XMLSchema" xmlns:xsi="http://www.w3.org/2001/XMLSchema-instance" xsi:type="Rights" version="2.17">
	<setForNewObjects>false</setForNewObjects>
	<setForAttributesByDefault>true</setForAttributesByDefault>
	<independentRightsOfChildObjects>false</independentRightsOfChildObjects>
	<object>
		<name>Subsystem.PAPI.Subsystem.PAPI_Шина</name>
		<right>
			<name>View</name>
			<value>true</value>
		</right>
	</object>
	<object>
		<name>Subsystem.PAPI</name>
		<right>
			<name>View</name>
			<value>true</value>
		</right>
	</object>
	<object>
		<name>Subsystem.PAPI.Subsystem.PAPI_ПодпискиНаСобытия</name>
		<right>
			<name>View</name>
			<value>true</value>
		</right>
	</object>
	<object>
		<name>Subsystem.PAPI.Subsystem.PAPI_HTTP</name>
		<right>
			<name>View</name>
			<value>true</value>
		</right>
	</object>
	<object>
		<name>Configuration.ПодсистемаPAPI</name>
		<right>
			<name>MainWindowModeNormal</name>
			<value>true</value>
		</right>
		<right>
			<name>MainWindowModeWorkplace</name>
			<value>true</value>
		</right>
		<right>
			<name>MainWindowModeEmbeddedWorkplace</name>
			<value>true</value>
		</right>
		<right>
			<name>MainWindowModeFullscreenWorkplace</name>
			<value>true</value>
		</right>
		<right>
			<name>MainWindowModeKiosk</name>
			<value>true</value>
		</right>
		<right>
			<name>AnalyticsSystemClient</name>
			<value>false</value>
		</right>
	</object>
</Rights>