﻿<?xml version="1.0" encoding="UTF-8"?>
<ConfigDumpInfo xmlns="http://v8.1c.ru/8.3/xcf/dumpinfo" xmlns:xen="http://v8.1c.ru/8.3/xcf/enums" xmlns:xs="http://www.w3.org/2001/XMLSchema" xmlns:xsi="http://www.w3.org/2001/XMLSchema-instance" format="Hierarchical" version="2.17">
	<ConfigVersions>
		<Metadata name="Catalog.PAPI_Алгоритмы" id="395c40fa-e3da-4762-a763-778be0025d6c" configVersion="c889c3618d03b640b35331b8e059fe471782e91c">
			<Metadata name="Catalog.PAPI_Алгоритмы.Attribute.ИмяАлгоритма" id="20dfd88d-b37d-4361-90d9-5f3142d7a07e"/>
			<Metadata name="Catalog.PAPI_Алгоритмы.Attribute.Разрешен" id="3adf932f-aea4-4374-8179-c8c8cc0afe3d"/>
			<Metadata name="Catalog.PAPI_Алгоритмы.Attribute.Привилегированный" id="42831313-0df0-4e7d-98e9-8e678d7167ee"/>
			<Metadata name="Catalog.PAPI_Алгоритмы.Attribute.Настройки" id="ba4ef258-7852-4fdd-84b4-11345273e90b"/>
			<Metadata name="Catalog.PAPI_Алгоритмы.Attribute.Комментарий" id="beb7e858-853c-4d34-9533-7065cbe7a368"/>
			<Metadata name="Catalog.PAPI_Алгоритмы.Attribute.Логировать" id="bfccf246-6d63-4c73-991c-422c75f18ccb"/>
		</Metadata>
		<Metadata name="Catalog.PAPI_Алгоритмы.Form.ФормаГруппы" id="56d9254d-612b-4a53-97db-c202f4fa31c1" configVersion="48eb557eb16feac37a383435364e220833de8360"/>
		<Metadata name="Catalog.PAPI_Алгоритмы.Form.ФормаГруппы.Form" id="56d9254d-612b-4a53-97db-c202f4fa31c1.0" configVersion="fddf35bb1b3d2d2b240a533e568c49d5e50a0eb8"/>
		<Metadata name="Catalog.PAPI_Алгоритмы.Form.ФормаСписка" id="5cd5ac81-d6d4-409a-84b4-d62bf06d7338" configVersion="c1c60c2d5cc4d75094f3c54e3514f1b24d55596c"/>
		<Metadata name="Catalog.PAPI_Алгоритмы.Form.ФормаСписка.Form" id="5cd5ac81-d6d4-409a-84b4-d62bf06d7338.0" configVersion="ef71dd7c67febd60c0fc5841562ece0701ae790c"/>
		<Metadata name="Catalog.PAPI_Алгоритмы.Form.ФормаЭлемента" id="87e81dab-1930-497c-a96c-0c796db2817d" configVersion="466ef2d901c27b76ce52abd90360757e91bebe4a"/>
		<Metadata name="Catalog.PAPI_Алгоритмы.Form.ФормаЭлемента.Form" id="87e81dab-1930-497c-a96c-0c796db2817d.0" configVersion="112ac91447197af83c740d909f3a6b8bed2b9c21"/>
		<Metadata name="Catalog.PAPI_Алгоритмы.Help" id="395c40fa-e3da-4762-a763-778be0025d6c.1" configVersion="82c2abac3e025931c2c059f0027d80d70c322107"/>
		<Metadata name="Catalog.PAPI_Алгоритмы.ManagerModule" id="395c40fa-e3da-4762-a763-778be0025d6c.3" configVersion="bdad13cbf8ed9c39034a9b7b21d462d40f334b5c"/>
		<Metadata name="Catalog.PAPI_Алгоритмы.ObjectModule" id="395c40fa-e3da-4762-a763-778be0025d6c.0" configVersion="4e3d9975994d33506ae0d9b6f16403406ffa936b"/>
		<Metadata name="Catalog.PAPI_ВнешняяОбработка" id="c95cc509-dd37-4fb5-a1cc-39d77540fea4" configVersion="da974f2fcfaebe3db4838a0a34ddc5b7447751a8">
			<Metadata name="Catalog.PAPI_ВнешняяОбработка.TabularSection.Команды.Attribute.Наименование" id="145bf2d3-11c4-4a12-9fb9-b55727d3ffd2"/>
			<Metadata name="Catalog.PAPI_ВнешняяОбработка.Attribute.ИмяВнешнейОбработки" id="28c78011-ab82-431c-9d38-478c22eb9412"/>
			<Metadata name="Catalog.PAPI_ВнешняяОбработка.TabularSection.Команды.Attribute.Подписка" id="3d51dc5e-597c-440f-87e9-2e38c6ac90eb"/>
			<Metadata name="Catalog.PAPI_ВнешняяОбработка.Attribute.Комментарий" id="5eb85da5-7609-4f2e-9161-f2adc80efdea"/>
			<Metadata name="Catalog.PAPI_ВнешняяОбработка.TabularSection.Команды.Attribute.ТипПодписки" id="6ecd7568-884c-45bc-b5c9-44fddad2d65c"/>
			<Metadata name="Catalog.PAPI_ВнешняяОбработка.TabularSection.Команды.Attribute.ИсполняемыйТип" id="884dabde-22e7-4677-9125-71da9dab3ee0"/>
			<Metadata name="Catalog.PAPI_ВнешняяОбработка.TabularSection.Команды" id="92c4af5c-1dc3-4fc7-8737-47d34de08794"/>
			<Metadata name="Catalog.PAPI_ВнешняяОбработка.TabularSection.Команды.Attribute.Источник" id="a252f278-8ba2-4edf-a3cc-98cdbf72b64c"/>
			<Metadata name="Catalog.PAPI_ВнешняяОбработка.Attribute.ВидОбработки" id="be4cd876-3dac-4cb7-a624-8efe745152df"/>
			<Metadata name="Catalog.PAPI_ВнешняяОбработка.Attribute.ПолноеИмяФайла" id="c163c4b0-301a-4641-a5ff-cee9629e3686"/>
			<Metadata name="Catalog.PAPI_ВнешняяОбработка.Attribute.БезопасныйРежим" id="f0668821-ae0f-4a96-bb59-c8e6f2702271"/>
		</Metadata>
		<Metadata name="Catalog.PAPI_ВнешняяОбработка.Form.ФормаЭлемента" id="a887c968-dc4c-46d5-87e3-1a4b66a4f067" configVersion="f8302961c58618327d0f3296c3a009817407d185"/>
		<Metadata name="Catalog.PAPI_ВнешняяОбработка.Form.ФормаЭлемента.Form" id="a887c968-dc4c-46d5-87e3-1a4b66a4f067.0" configVersion="4d04d9a3ee6d44433261017d15eef33e67f2d31d"/>
		<Metadata name="Catalog.PAPI_ВнешняяОбработка.ObjectModule" id="c95cc509-dd37-4fb5-a1cc-39d77540fea4.0" configVersion="9365bcc05803a43f02554fbc7cb124c2043738c5"/>
		<Metadata name="Catalog.PAPI_КаналыИнтеграции" id="d62683ea-89fc-40a1-b0a9-4dc35cc3cb08" configVersion="fe36025d65c8347e12353ed2a42f6f1fb5f1fc8a">
			<Metadata name="Catalog.PAPI_КаналыИнтеграции.Attribute.Сервис" id="1288a216-422f-4c48-92c5-0d6d650d092b"/>
			<Metadata name="Catalog.PAPI_КаналыИнтеграции.Attribute.Направление" id="28d29d2b-c126-43c1-8ce9-48f5e49dd1df"/>
			<Metadata name="Catalog.PAPI_КаналыИнтеграции.Attribute.Канал" id="6ac7b121-f2c2-4177-b78e-30321d72d2df"/>
			<Metadata name="Catalog.PAPI_КаналыИнтеграции.Attribute.Комментарий" id="f86c82a4-9a2a-4197-9e85-5ff7eb230190"/>
		</Metadata>
		<Metadata name="Catalog.PAPI_КаналыИнтеграции.Form.ФормаЭлемента" id="61568a97-c0e9-4106-a1d5-c42c271e0836" configVersion="7eee0b577fb6b61ad70a0f18450960b81a364311"/>
		<Metadata name="Catalog.PAPI_КаналыИнтеграции.Form.ФормаЭлемента.Form" id="61568a97-c0e9-4106-a1d5-c42c271e0836.0" configVersion="fe43086efd50bb8105d6a780a0f5a97e85b33656"/>
		<Metadata name="Catalog.PAPI_Методы" id="31709290-f63a-4aa8-a2f4-7f0bd6025c2e" configVersion="6e44a9b50595fefadd45e7b9df8038e9368aaf21">
			<Metadata name="Catalog.PAPI_Методы.Attribute.ЛогироватьЗапрос" id="0071fff9-6561-4bb3-a6f8-d7e790b111ef"/>
			<Metadata name="Catalog.PAPI_Методы.Attribute.ПроизвольныйАлгоритм" id="04326173-d615-450e-b9f3-a1125ed629bc"/>
			<Metadata name="Catalog.PAPI_Методы.Attribute.ТелоОтвета" id="0958d859-2d77-4ee2-9d91-89f0d4bbe429"/>
			<Metadata name="Catalog.PAPI_Методы.Attribute.ЛогироватьМетод" id="378021e6-f357-42cd-ac42-00d65015d0c4"/>
			<Metadata name="Catalog.PAPI_Методы.Attribute.ВерсияМетода" id="4df47f61-1010-4aaf-b17b-5729b7f94d6c"/>
			<Metadata name="Catalog.PAPI_Методы.Attribute.Настройки" id="55a8f9c4-0449-48aa-8cf0-dc465a1a8891"/>
			<Metadata name="Catalog.PAPI_Методы.Attribute.Привилегированный" id="6e426456-034f-480e-9710-a85ac98db40d"/>
			<Metadata name="Catalog.PAPI_Методы.Attribute.Стандартный" id="7e46847a-2a4b-4f25-8798-ff12845f52e4"/>
			<Metadata name="Catalog.PAPI_Методы.TabularSection.ЗаголовкиОтвета" id="910ebde5-88a2-406a-9344-61ddd9447936"/>
			<Metadata name="Catalog.PAPI_Методы.Attribute.ТелоЗапроса" id="b0612b41-cee6-4975-a9e5-44b110969b04"/>
			<Metadata name="Catalog.PAPI_Методы.Attribute.Комментарий" id="b4ae6fe5-2fd8-4748-a4b3-a296c2550685"/>
			<Metadata name="Catalog.PAPI_Методы.Attribute.Разрешен" id="c0832b47-6d12-4320-8c58-bfca0e241664"/>
			<Metadata name="Catalog.PAPI_Методы.TabularSection.ЗаголовкиОтвета.Attribute.Значение" id="c10f0e2c-a9d2-4c37-a33c-f5eccf4fc26a"/>
			<Metadata name="Catalog.PAPI_Методы.TabularSection.ЗаголовкиОтвета.Attribute.Заголовок" id="c594cc06-212f-4857-ae31-042693e9130e"/>
			<Metadata name="Catalog.PAPI_Методы.TabularSection.HTTPМетоды" id="cc48daa2-8ff2-4b12-bff3-777676ccfce7"/>
			<Metadata name="Catalog.PAPI_Методы.Attribute.ИмяМетода" id="d52685d8-ccad-426e-b0bb-48dd6a1e7c21"/>
			<Metadata name="Catalog.PAPI_Методы.TabularSection.HTTPМетоды.Attribute.HTTPМетод" id="eab5967a-37dc-4380-bff2-627ee70a97fd"/>
			<Metadata name="Catalog.PAPI_Методы.Attribute.Алгоритм" id="efe63b01-d678-4593-be0e-f15974f661ca"/>
		</Metadata>
		<Metadata name="Catalog.PAPI_Методы.Form.ФормаГруппы" id="2cc2c7f6-281c-4547-ae3e-1edb88bcca34" configVersion="bc2d5aab9606fb05a59f3283b6297d4c6bacaa9a"/>
		<Metadata name="Catalog.PAPI_Методы.Form.ФормаГруппы.Form" id="2cc2c7f6-281c-4547-ae3e-1edb88bcca34.0" configVersion="c01e0c65f3dae5fa9ba61de7237ba710ef711892"/>
		<Metadata name="Catalog.PAPI_Методы.Form.ФормаСписка" id="11be9e43-d451-4c0e-85d8-0e8c8ac6542e" configVersion="460ef81f3e084a91a31c1c124322b6b3138bbfc0"/>
		<Metadata name="Catalog.PAPI_Методы.Form.ФормаСписка.Form" id="11be9e43-d451-4c0e-85d8-0e8c8ac6542e.0" configVersion="4ba3de1d036983ab1334cfaf71aca23537e7c0bd"/>
		<Metadata name="Catalog.PAPI_Методы.Form.ФормаЭлемента" id="6d436dea-1125-49ec-ad36-0a07de880d5a" configVersion="853b9c61295b1c25e728b6d1a3a5051bc2c83b0e"/>
		<Metadata name="Catalog.PAPI_Методы.Form.ФормаЭлемента.Form" id="6d436dea-1125-49ec-ad36-0a07de880d5a.0" configVersion="905121b1ef0af350734abc636080ea10460df369"/>
		<Metadata name="Catalog.PAPI_Методы.Help" id="31709290-f63a-4aa8-a2f4-7f0bd6025c2e.1" configVersion="053c2118723fa64af3cccaefab9e7844576a9235"/>
		<Metadata name="Catalog.PAPI_Методы.ManagerModule" id="31709290-f63a-4aa8-a2f4-7f0bd6025c2e.3" configVersion="12209f22601e50ef7d6b575aedbddf3b9d256ec2"/>
		<Metadata name="Catalog.PAPI_Методы.ObjectModule" id="31709290-f63a-4aa8-a2f4-7f0bd6025c2e.0" configVersion="3c96f53573d044a07fe6feb9258b43de3066a4f8"/>
		<Metadata name="Catalog.PAPI_ПодпискиНаСобытия" id="7e5d9487-a5c1-4f21-9660-278ee2654bf4" configVersion="ad180e4911a1e46601275344265adff3de512427">
			<Metadata name="Catalog.PAPI_ПодпискиНаСобытия.Attribute.Приоритет" id="0b0f4332-fdda-4ea2-b310-792e19701b09"/>
			<Metadata name="Catalog.PAPI_ПодпискиНаСобытия.Attribute.ТипВыполнения" id="1512adda-6416-4535-a78d-7341af867b3d"/>
			<Metadata name="Catalog.PAPI_ПодпискиНаСобытия.Attribute.Комментарий" id="3150fcc9-d89c-4fab-bb99-9146f2ad5d84"/>
			<Metadata name="Catalog.PAPI_ПодпискиНаСобытия.Attribute.Событие" id="4b88e030-6bf5-4596-be3d-994a284e3d94"/>
			<Metadata name="Catalog.PAPI_ПодпискиНаСобытия.Attribute.Настройки" id="6289f97a-03ac-4747-95d1-738eaa8bb6a5"/>
			<Metadata name="Catalog.PAPI_ПодпискиНаСобытия.TabularSection.Источники" id="80f17d4b-7679-4264-b55d-fa0d37cfa592"/>
			<Metadata name="Catalog.PAPI_ПодпискиНаСобытия.Attribute.Разрешен" id="a00a7dcc-d818-439a-aaa7-007c77ce6dd0"/>
			<Metadata name="Catalog.PAPI_ПодпискиНаСобытия.TabularSection.Источники.Attribute.Подписка" id="ce9f4856-f04f-4cc7-844b-b3a93df5df53"/>
			<Metadata name="Catalog.PAPI_ПодпискиНаСобытия.Attribute.ВнешняяОбработка" id="e18aa688-e7eb-4e4a-b097-ad43d3e9633f"/>
			<Metadata name="Catalog.PAPI_ПодпискиНаСобытия.Attribute.Алгоритм" id="ec51e053-a85e-4f7a-8670-5742c69b3778"/>
			<Metadata name="Catalog.PAPI_ПодпискиНаСобытия.TabularSection.Источники.Attribute.Источник" id="f487c488-8f1a-47e6-adf7-cb445f5fb167"/>
		</Metadata>
		<Metadata name="Catalog.PAPI_ПодпискиНаСобытия.Form.ВыборИсточников" id="61a5db43-dd9e-4630-9161-31e86fd4b01d" configVersion="b1d4b8b937d5f8fb4f5dfc33503a1c449e918257"/>
		<Metadata name="Catalog.PAPI_ПодпискиНаСобытия.Form.ВыборИсточников.Form" id="61a5db43-dd9e-4630-9161-31e86fd4b01d.0" configVersion="556afb437cd21fe08b39f01b08cb3e6270a93d65"/>
		<Metadata name="Catalog.PAPI_ПодпискиНаСобытия.Form.ФормаЭлемента" id="41363a0d-5591-407e-bb8a-be7a3fa92f76" configVersion="08139364753eda0a7c1abd72bbfee4504075d47c"/>
		<Metadata name="Catalog.PAPI_ПодпискиНаСобытия.Form.ФормаЭлемента.Form" id="41363a0d-5591-407e-bb8a-be7a3fa92f76.0" configVersion="bbcb6e5fc3d539641c27f0a18080fb2ce2d642f5"/>
		<Metadata name="Catalog.PAPI_ПодпискиНаСобытия.ObjectModule" id="7e5d9487-a5c1-4f21-9660-278ee2654bf4.0" configVersion="337ffe96e72bb019067eb035579549d763f71d0a"/>
		<Metadata name="Catalog.PAPI_ПодпискиНаСобытия.Template.СхемаПодписок" id="d0a45925-7550-4843-810f-e81cd92fa5c9" configVersion="9ad278f2087d87a976010091e3d6fa2bd1cf74ea"/>
		<Metadata name="Catalog.PAPI_ПодпискиНаСобытия.Template.СхемаПодписок.Template" id="d0a45925-7550-4843-810f-e81cd92fa5c9.0" configVersion="f176c4cd26dfefbda98aadee097a631e44f8f343"/>
		<Metadata name="Catalog.PAPI_СозданиеСообщений" id="759ea222-f8ac-452c-af9f-1e2ccdb0c2c6" configVersion="031dedfcc2ff53614d9d1a915dd59e56d6aa3dcf">
			<Metadata name="Catalog.PAPI_СозданиеСообщений.Attribute.ИспользоватьОтборы" id="13ddac78-a28e-4793-8b43-a2fadad66816"/>
			<Metadata name="Catalog.PAPI_СозданиеСообщений.TabularSection.РеквизитыОтбора" id="43a6cdee-b0bc-41e3-a977-225f444f7ad8"/>
			<Metadata name="Catalog.PAPI_СозданиеСообщений.TabularSection.КаналыОтправки" id="5dbb4e0f-2f9f-49b5-9d80-39723b174cd8"/>
			<Metadata name="Catalog.PAPI_СозданиеСообщений.TabularSection.КаналыОтправки.Attribute.КаналИнтеграции" id="9646565b-b6b2-47f7-bf5c-21a29489b180"/>
			<Metadata name="Catalog.PAPI_СозданиеСообщений.TabularSection.РеквизитыОтбора.Attribute.Реквизит" id="c14483b6-7f15-4e1d-b90a-48544496fc12"/>
		</Metadata>
		<Metadata name="Catalog.PAPI_Участники" id="554b93cb-9f10-4da3-99f7-2e3959d4ff60" configVersion="829c7d01f4111e5559378abb6d79006ee1a8a8a4">
			<Metadata name="Catalog.PAPI_Участники.Attribute.Настройки" id="4d07c0c2-4e32-47d3-babb-1ac5d1509d45"/>
			<Metadata name="Catalog.PAPI_Участники.Attribute.Комментарий" id="f252beb1-08e7-4a19-877c-83c5a930c215"/>
		</Metadata>
		<Metadata name="Catalog.PAPI_Участники.Form.ФормаЭлемента" id="8cca88fc-7677-4cf7-9cdb-182c60feb76d" configVersion="0abdd02bc10b954bfe0debd5e2c333e6080288ae"/>
		<Metadata name="Catalog.PAPI_Участники.Form.ФормаЭлемента.Form" id="8cca88fc-7677-4cf7-9cdb-182c60feb76d.0" configVersion="c6eac960c2e82b0a71bf95a0c4fbfb990fac3268"/>
		<Metadata name="Catalog.PAPI_Участники.ManagerModule" id="554b93cb-9f10-4da3-99f7-2e3959d4ff60.3" configVersion="435d6a3019627882705d41d40e13f47afdd1b797"/>
		<Metadata name="Catalog.PAPI_Участники.ObjectModule" id="554b93cb-9f10-4da3-99f7-2e3959d4ff60.0" configVersion="6365ea90776c1363e434013341cf53d220ea5962"/>
		<Metadata name="Catalog.PAPI_ЧтениеСообщений" id="56876f9d-4b3a-4fb7-b5ae-8be150519eee" configVersion="ad40529d07e8f335fbee458d40afd9be3e2a309c">
			<Metadata name="Catalog.PAPI_ЧтениеСообщений.Attribute.Алгоритм" id="05e904e6-92d5-40ec-9634-d3dca57aff66"/>
			<Metadata name="Catalog.PAPI_ЧтениеСообщений.Attribute.КаналОтвета" id="377042df-2aa4-4729-ac13-81e08cdac72b"/>
			<Metadata name="Catalog.PAPI_ЧтениеСообщений.Attribute.Отправитель" id="39882162-6511-4376-a8b8-9903b7a9e2d7"/>
			<Metadata name="Catalog.PAPI_ЧтениеСообщений.Attribute.Настройки" id="419380a6-4015-4c0e-a594-1067a1b3da59"/>
			<Metadata name="Catalog.PAPI_ЧтениеСообщений.Attribute.Комментарий" id="4916b684-4111-4858-be73-7a9535185800"/>
			<Metadata name="Catalog.PAPI_ЧтениеСообщений.Attribute.ТипВыполнения" id="9872bf6b-f653-46aa-aa83-f78fc3bb134a"/>
			<Metadata name="Catalog.PAPI_ЧтениеСообщений.Attribute.Разрешен" id="a375c2a3-6c77-43c2-a76a-ea24fc0fbbc8"/>
			<Metadata name="Catalog.PAPI_ЧтениеСообщений.Attribute.ТипСообщения" id="e8c7cf08-8d2b-4d2b-90ff-3db2a7f7f700"/>
		</Metadata>
		<Metadata name="Catalog.PAPI_ЧтениеСообщений.Form.ФормаЭлемента" id="1cad798a-483b-4032-bbf7-af4a3b54fb30" configVersion="9a9309125e7c798da0836993bfaccb8b9529c68b"/>
		<Metadata name="Catalog.PAPI_ЧтениеСообщений.Form.ФормаЭлемента.Form" id="1cad798a-483b-4032-bbf7-af4a3b54fb30.0" configVersion="36db582fca7b0b1e73ddc1715095eac295340045"/>
		<Metadata name="Catalog.PAPI_ЧтениеСообщений.ManagerModule" id="56876f9d-4b3a-4fb7-b5ae-8be150519eee.3" configVersion="1f12f5ef238efae58c20869604996a5d3ed35758"/>
		<Metadata name="Catalog.PAPI_ЧтениеСообщений.ObjectModule" id="56876f9d-4b3a-4fb7-b5ae-8be150519eee.0" configVersion="0895a23b89a34cd2f267f6fa625f21b6fda1aeb7"/>
		<Metadata name="Catalog.PAPI_ШаблоныСообщений" id="5b91e516-3e20-4ac2-9062-0734b537af1a" configVersion="a062ec0e88a81bdedc5b946f1d0fb7e91d11e5af">
			<Metadata name="Catalog.PAPI_ШаблоныСообщений.Attribute.ТекстСообщения" id="6575820a-b080-4a16-bae9-216c000482ed"/>
			<Metadata name="Catalog.PAPI_ШаблоныСообщений.Attribute.Стандартный" id="a116db40-2c30-4d41-b379-ca46dd304871"/>
			<Metadata name="Catalog.PAPI_ШаблоныСообщений.Attribute.КодСостояния" id="ea41ddd1-6bb5-471e-b209-c55ce5a2f2e1"/>
		</Metadata>
		<Metadata name="Catalog.PAPI_ШаблоныСообщений.Form.ФормаСписка" id="559c2652-c72a-4a9f-986c-2b1815f2ffdb" configVersion="4f716e6ef6bbc5bc2d641ed406882a6bd3ed0368"/>
		<Metadata name="Catalog.PAPI_ШаблоныСообщений.Form.ФормаСписка.Form" id="559c2652-c72a-4a9f-986c-2b1815f2ffdb.0" configVersion="25e682bb8fe251665ab3e40e6f44e008c43f7fc6"/>
		<Metadata name="Catalog.PAPI_ШаблоныСообщений.Form.ФормаЭлемента" id="d00dd79e-2420-41d0-b6b0-9096e8c7b8a8" configVersion="c28ab07abeefdf1c83388ee94cc3f960adaab96f"/>
		<Metadata name="Catalog.PAPI_ШаблоныСообщений.Form.ФормаЭлемента.Form" id="d00dd79e-2420-41d0-b6b0-9096e8c7b8a8.0" configVersion="ff2aa3eeb39a38953ce293a4aad26938fc2ea678"/>
		<Metadata name="Catalog.PAPI_ШаблоныСообщений.Help" id="5b91e516-3e20-4ac2-9062-0734b537af1a.1" configVersion="ce28b76577d887b021bdaa39d7d694f89fca0b7d"/>
		<Metadata name="Catalog.PAPI_ШаблоныСообщений.ManagerModule" id="5b91e516-3e20-4ac2-9062-0734b537af1a.3" configVersion="79f82f3531890112286dd22da1f5a66bdd94f2ad"/>
		<Metadata name="Catalog.PAPI_ШаблоныСообщений.ObjectModule" id="5b91e516-3e20-4ac2-9062-0734b537af1a.0" configVersion="c1a11014b5e7a6a0b028b1c41c68e7b700d20581"/>
		<Metadata name="Catalog.PAPI_ШаблоныСообщений.Template.СтандартныеСообщения" id="81c7f87a-ccf8-4de2-845c-88efadc6c62d" configVersion="c7b847399a3a0356c47ac96df639552231a276f3"/>
		<Metadata name="Catalog.PAPI_ШаблоныСообщений.Template.СтандартныеСообщения.Template" id="81c7f87a-ccf8-4de2-845c-88efadc6c62d.0" configVersion="838aabc99ae9511ff55b7d19f13edec1a41b3016"/>
		<Metadata name="CommonCommand.PAPI_Настройки" id="e01d5544-5e7c-4c01-9bc1-4e4a1d007e6c" configVersion="c5b4dc5de3a6d0b6e77a13a66d387a6c5a67dbfd"/>
		<Metadata name="CommonCommand.PAPI_Настройки.CommandModule" id="e01d5544-5e7c-4c01-9bc1-4e4a1d007e6c.2" configVersion="5721a77edb3d3b0038119891024687712eeb5a6d"/>
		<Metadata name="CommonForm.PAPI_Настройки" id="e43ff347-3c32-496d-96ba-1f68ddb1f486" configVersion="3cd3ae46a9cc24da6ceebf31352c2ffd76479226"/>
		<Metadata name="CommonForm.PAPI_Настройки.Form" id="e43ff347-3c32-496d-96ba-1f68ddb1f486.0" configVersion="c46455d14f07e423b1b6ff8faf91687d3f596915"/>
		<Metadata name="CommonModule.PAPI" id="c78af1c9-5854-46f2-9cbc-67bb0678f843" configVersion="47fa29ddb656f39cb9824df3c4137631ff930c9c"/>
		<Metadata name="CommonModule.PAPI.Module" id="c78af1c9-5854-46f2-9cbc-67bb0678f843.0" configVersion="616a56826013858603f15f65809439d433b5f99c"/>
		<Metadata name="CommonModule.PAPI_АсинхронныеОперации" id="22e9e2c6-9ddd-4a14-9a88-25bbc4e0f2e5" configVersion="4243f99efcf5c9ffb7a81be547ddce947b8f2464"/>
		<Metadata name="CommonModule.PAPI_АсинхронныеОперации.Module" id="22e9e2c6-9ddd-4a14-9a88-25bbc4e0f2e5.0" configVersion="a437ed60a030bad1a0e7eee52282f0cf588877e2"/>
		<Metadata name="CommonModule.PAPI_ДанныеДляЗаполненияНастроек" id="ff14d19c-2878-45d4-b9d9-7266069926ee" configVersion="c718d2a1714bf76006daa7632ca49c60c24d1e6f"/>
		<Metadata name="CommonModule.PAPI_ДанныеДляЗаполненияНастроек.Module" id="ff14d19c-2878-45d4-b9d9-7266069926ee.0" configVersion="d7cbcc44594aecd434f9f7818447bb05dcb80dd4"/>
		<Metadata name="CommonModule.PAPI_ИсторияДанных" id="9f385438-a7d9-4402-b182-c08803a22a4d" configVersion="ef40cb95f8bce21ba92a648deafec356a54d3240"/>
		<Metadata name="CommonModule.PAPI_ИсторияДанных.Module" id="9f385438-a7d9-4402-b182-c08803a22a4d.0" configVersion="2f667238184460c82ebd951dc47ac45cbd06a631"/>
		<Metadata name="CommonModule.PAPI_Логирование" id="0a933b23-d1ff-4c7d-a6c4-360758be41a9" configVersion="553b19df2628b5ee08cdc0238ba660749a4b0b72"/>
		<Metadata name="CommonModule.PAPI_Логирование.Module" id="0a933b23-d1ff-4c7d-a6c4-360758be41a9.0" configVersion="a2a67d6a8b41db76a92d9e581c8fdbe1ece5688f"/>
		<Metadata name="CommonModule.PAPI_ОбщегоНазначенияВызовСервера" id="a8b413e8-18ee-4993-b6cd-936b0c509967" configVersion="d2db065e82491a3c49483f7ceceeea9a6cde9c18"/>
		<Metadata name="CommonModule.PAPI_ОбщегоНазначенияВызовСервера.Module" id="a8b413e8-18ee-4993-b6cd-936b0c509967.0" configVersion="e6d5c914b035f76d69b4c0df7dc080179dcb3b4a"/>
		<Metadata name="CommonModule.PAPI_ОбщегоНазначенияКлиентСервер" id="c79a1dca-65c3-4140-8579-3e71200f1545" configVersion="133cf522afc59f6d92a2a8a75877952a09801ad1"/>
		<Metadata name="CommonModule.PAPI_ОбщегоНазначенияКлиентСервер.Module" id="c79a1dca-65c3-4140-8579-3e71200f1545.0" configVersion="005ab75d3f4a02ef2a99f7c0aecf33ae4c5a3304"/>
		<Metadata name="CommonModule.PAPI_ПодпискиНаСобытия" id="bb77b41d-521e-47f6-ad0a-92cfdaadf78f" configVersion="0fa99aeb5ce7c161a633546baa6782d1c7ba3d4e"/>
		<Metadata name="CommonModule.PAPI_ПодпискиНаСобытия.Module" id="bb77b41d-521e-47f6-ad0a-92cfdaadf78f.0" configVersion="f078b12379c514bddf203049676c66288c7a9140"/>
		<Metadata name="CommonModule.PAPI_ПодпискиНаСобытияКлиентСервер" id="020de7ac-115f-4560-bc4f-c27d8fbbbb23" configVersion="888fa22331b09267360e93b8b125c029f9cd04f5"/>
		<Metadata name="CommonModule.PAPI_ПодпискиНаСобытияКлиентСервер.Module" id="020de7ac-115f-4560-bc4f-c27d8fbbbb23.0" configVersion="4507658c859a7a283eba8faeff370e3639ff1d46"/>
		<Metadata name="CommonModule.PAPI_РаботаСАлгоритмами" id="d0401687-ef48-4fa7-b5cf-fe1058b639c5" configVersion="e4088d988b5efc05dbbaa89f9c698680ddd12072"/>
		<Metadata name="CommonModule.PAPI_РаботаСАлгоритмами.Module" id="d0401687-ef48-4fa7-b5cf-fe1058b639c5.0" configVersion="7a1b48fc3ed90e98fedc9f6d5d633c5039b1b348"/>
		<Metadata name="CommonModule.PAPI_РаботаСВнешнимиОбработками" id="f122824e-7285-4426-90a2-31ca840f9576" configVersion="389f95082f5e93cabc27e7b99cc07ecd4afed1dc"/>
		<Metadata name="CommonModule.PAPI_РаботаСВнешнимиОбработками.Module" id="f122824e-7285-4426-90a2-31ca840f9576.0" configVersion="937a7b25a9284e6c7085aa9fd710726d7af3f6c0"/>
		<Metadata name="CommonModule.PAPI_РаботаСВходящимиЗапросами" id="8d67c0f3-2ddc-42a6-a1ea-c8172f5bcf15" configVersion="2f04de9663717edb6ecda3d2029f4dcac61af1be"/>
		<Metadata name="CommonModule.PAPI_РаботаСВходящимиЗапросами.Module" id="8d67c0f3-2ddc-42a6-a1ea-c8172f5bcf15.0" configVersion="d6cd4c9ab4df4423baeff67d36be959948f9c081"/>
		<Metadata name="CommonModule.PAPI_РаботаСВходящимиСообщениями" id="abc0dca0-6516-4391-8d1a-c000fd7b2e2e" configVersion="6b38a0581de248dc37ee32545a5d11adad4f16dc"/>
		<Metadata name="CommonModule.PAPI_РаботаСВходящимиСообщениями.Module" id="abc0dca0-6516-4391-8d1a-c000fd7b2e2e.0" configVersion="73806f6a86f19e8b075e91ed4b39219e8c028185"/>
		<Metadata name="CommonModule.PAPI_РаботаСМетодами" id="48136b4a-ad26-481c-8c6f-782dac64c8df" configVersion="4ef4512fd6ca3b055c4d456ed7af873b5884dffa"/>
		<Metadata name="CommonModule.PAPI_РаботаСМетодами.Module" id="48136b4a-ad26-481c-8c6f-782dac64c8df.0" configVersion="e77b2c225bdc0f830d4b565a36ed14779b2849ee"/>
		<Metadata name="CommonModule.PAPI_РаботаСОтветом" id="b00e7573-c79a-4499-b011-82e9166b3923" configVersion="4cabe7648ddb9aebeaa1e1b6bce2f5cbae17b2ad"/>
		<Metadata name="CommonModule.PAPI_РаботаСОтветом.Module" id="b00e7573-c79a-4499-b011-82e9166b3923.0" configVersion="4cb18304ee3d4b12492023bdd7e999dd4a46d869"/>
		<Metadata name="CommonModule.PAPI_СервисыИнтеграции" id="513d4ef9-0ebb-485c-ba7d-cbb00494d83e" configVersion="adac3263ee43a96146db32cada4ce62214f8f7dd"/>
		<Metadata name="CommonModule.PAPI_СервисыИнтеграции.Module" id="513d4ef9-0ebb-485c-ba7d-cbb00494d83e.0" configVersion="a45550f4cc69915a2380ef860bc42fea36cfe42c"/>
		<Metadata name="CommonModule.PAPI_СлужебныеДляОбмена" id="67f68714-8b1b-48f8-b2b3-4479dcb04d5d" configVersion="8a25bafd90e972d5b7b9ddde74c8aea0c4c8cb99"/>
		<Metadata name="CommonModule.PAPI_СлужебныеДляОбмена.Module" id="67f68714-8b1b-48f8-b2b3-4479dcb04d5d.0" configVersion="8b20a36c10afd97bebf918a442e2943cc55ef0cc"/>
		<Metadata name="CommonPicture.PAPI" id="7b333bf5-8047-4f85-8968-48e3326a1b21" configVersion="03905098355cd28e9de4800821b4baa509f94bd4"/>
		<Metadata name="CommonPicture.PAPI.Picture" id="7b333bf5-8047-4f85-8968-48e3326a1b21.0" configVersion="23e47738244b19474e42ca538af5fcf3ad96ebc4"/>
		<Metadata name="CommonPicture.PAPI_Команды" id="ae4e28c0-af4c-4daa-a744-43cbeb765fce" configVersion="375bc9733bce3264acacdaa705e0d72c09cb7443"/>
		<Metadata name="CommonPicture.PAPI_Команды.Picture" id="ae4e28c0-af4c-4daa-a744-43cbeb765fce.0" configVersion="c4b38c1a1a46d37fd60605c273ec33cf4f771696"/>
		<Metadata name="CommonPicture.PAPI_Метаданные" id="252e521f-f2ad-4e7c-8eff-34755da6099f" configVersion="f869162a7c81be0fcfdf975a3992ea202c6795c9"/>
		<Metadata name="CommonPicture.PAPI_Метаданные.Picture" id="252e521f-f2ad-4e7c-8eff-34755da6099f.0" configVersion="8f35b1adc1dadcd09c4beafd083a0cfda5b50a3f"/>
		<Metadata name="CommonPicture.PAPI_Подписки" id="3b745028-ce65-4f06-aed3-08a6ecd47f58" configVersion="0e263525a0aa279d6735a06f58a22ab777a0c7a7"/>
		<Metadata name="CommonPicture.PAPI_Подписки.Picture" id="3b745028-ce65-4f06-aed3-08a6ecd47f58.0" configVersion="f605379d7dc02c6ce95b95c5d3164e17df326c0d"/>
		<Metadata name="Configuration.ПодсистемаPAPI" id="ec7c6be7-4920-42d3-8618-f3ecb14699c6" configVersion="c3b6a1eee3bc62a7488fe7c3cccf03045485f096"/>
		<Metadata name="Configuration.ПодсистемаPAPI.ManagedApplicationModule" id="6b384235-7271-4633-9b8b-3b2d33a488ec.6" configVersion="f9a01858f898585e120220f6b7e33cb10faaa9dd"/>
		<Metadata name="Constant.PAPI_ДатаЗапретаОбменаДокументов" id="a8dc409f-b22f-4383-8879-254a3a6e44a4" configVersion="839659a325044f2607de11c04e02b14c2752b49b"/>
		<Metadata name="Constant.PAPI_Источник" id="fe207390-6cd4-4a22-ab20-31e90a248ffe" configVersion="e134ae5fc1de6d84d01af5b0b97e056485b03fe0"/>
		<Metadata name="Constant.PAPI_КоличествоПопытокОчередиДокументов" id="85c28877-9316-44cb-af28-84b5f293a22c" configVersion="40aec58865f7c0eb0aa39a0daa592031ae412d6f"/>
		<Metadata name="Constant.PAPI_ЛогированиеВходящихСообщенийСервисаИнтеграции" id="346e50e9-a86e-4169-a9c3-d3cdb21b0496" configVersion="4a40aa6ce31e7e81f32c724a6fe4c6c5dfbbdee2"/>
		<Metadata name="Constant.PAPI_ОбменыСервисовИнтеграцииВключены" id="66faf13a-f79b-46c0-94a1-7b6dd3782907" configVersion="4254512ad7eb2440aaeded004da92c672e492826"/>
		<Metadata name="DataProcessor.PAPI_НастройкаСервисовИнтеграции" id="13c637e7-cf10-4185-be23-f54b23873635" configVersion="1e737b7a69c6ca725b4aaf003da6ccccdd681494">
			<Metadata name="DataProcessor.PAPI_НастройкаСервисовИнтеграции.Command.НастройкаСИ" id="4e5a765f-294c-4110-b2b1-cf6456a8b02a"/>
		</Metadata>
		<Metadata name="DataProcessor.PAPI_НастройкаСервисовИнтеграции.Command.НастройкаСИ.CommandModule" id="4e5a765f-294c-4110-b2b1-cf6456a8b02a.2" configVersion="72672568c6354fd33e35629fc5be3d1553758502"/>
		<Metadata name="DataProcessor.PAPI_НастройкаСервисовИнтеграции.Form.Форма" id="665d5cc5-c59b-4d13-a068-b2ffcf2190e1" configVersion="bb3b0862df63376f8161fcf51e561963b7c3a326"/>
		<Metadata name="DataProcessor.PAPI_НастройкаСервисовИнтеграции.Form.Форма.Form" id="665d5cc5-c59b-4d13-a068-b2ffcf2190e1.0" configVersion="c452225196b734e2e93dfc9e1f8f7a422bc7b1fc"/>
		<Metadata name="DataProcessor.PAPI_НастройкаСервисовИнтеграции.ObjectModule" id="13c637e7-cf10-4185-be23-f54b23873635.0" configVersion="2bba083cc0cb4b6b1d9bd6796715226fff74e0e5"/>
		<Metadata name="DataProcessor.PAPI_НастройкаСоставаИсторииДанных" id="e8b5a381-3c80-4cea-924c-d2c89ce730cf" configVersion="ef96de5b2aa028e7f9e002e2d9604c3288f00516">
			<Metadata name="DataProcessor.PAPI_НастройкаСоставаИсторииДанных.Command.НастройкаСоставаИД" id="0b4d8f5f-59cb-4f1b-86de-f0d39773b1c7"/>
		</Metadata>
		<Metadata name="DataProcessor.PAPI_НастройкаСоставаИсторииДанных.Command.НастройкаСоставаИД.CommandModule" id="0b4d8f5f-59cb-4f1b-86de-f0d39773b1c7.2" configVersion="24f9077ddb3c7833104f64c1710df9062e9ede86"/>
		<Metadata name="DataProcessor.PAPI_НастройкаСоставаИсторииДанных.Form.Форма" id="5cd47e07-3172-47d0-b836-8ca2618b6820" configVersion="98fe8e109c9e79ea397f047c0777e8fca6cc5330"/>
		<Metadata name="DataProcessor.PAPI_НастройкаСоставаИсторииДанных.Form.Форма.Form" id="5cd47e07-3172-47d0-b836-8ca2618b6820.0" configVersion="c1f38ecd587c15615527f126c8dbffc7da498724"/>
		<Metadata name="DataProcessor.PAPI_НастройкаСоставаИсторииДанных.ObjectModule" id="e8b5a381-3c80-4cea-924c-d2c89ce730cf.0" configVersion="bd5cf882b5d9729f30cccf7c6752bb02ddab78c7"/>
		<Metadata name="DataProcessor.PAPI_ОтправкаСообщенияСервисовИнтеграции" id="e0e8e666-6022-4ba1-bfa8-fdcd0896c59c" configVersion="7515fdb8fd12ef8f41296c8b1e17d504028320e8">
			<Metadata name="DataProcessor.PAPI_ОтправкаСообщенияСервисовИнтеграции.Command.ОтправкаСообщенияСервисовИнтеграции" id="f4956b33-f67e-468b-95e4-76edbf0d425a"/>
		</Metadata>
		<Metadata name="DataProcessor.PAPI_ОтправкаСообщенияСервисовИнтеграции.Command.ОтправкаСообщенияСервисовИнтеграции.CommandModule" id="f4956b33-f67e-468b-95e4-76edbf0d425a.2" configVersion="85714ad9c6297f32573ed00532460ad730976814"/>
		<Metadata name="DataProcessor.PAPI_ОтправкаСообщенияСервисовИнтеграции.Form.Форма" id="db0763c3-4ef8-4226-af9d-947a41f94441" configVersion="b5df41f385d8309064f1fde38b0bd5ad882c01c7"/>
		<Metadata name="DataProcessor.PAPI_ОтправкаСообщенияСервисовИнтеграции.Form.Форма.Form" id="db0763c3-4ef8-4226-af9d-947a41f94441.0" configVersion="0c9affe96c46c77bafaed0547e9e27166e9fcad6"/>
		<Metadata name="DataProcessor.PAPI_ОтправкаСообщенияСервисовИнтеграции.ObjectModule" id="e0e8e666-6022-4ba1-bfa8-fdcd0896c59c.0" configVersion="59325aaa2345ea3aaf2fed488d60a5d8a2dcf4db"/>
		<Metadata name="DataProcessor.PAPI_СообщенияСервисовИнтеграции" id="848c3bd5-484d-4c8f-8ac0-f49b8ebcf649" configVersion="a1d67aa815ccd19d35506e2f2c397cf0d099b2b0">
			<Metadata name="DataProcessor.PAPI_СообщенияСервисовИнтеграции.Command.СообщенияСервисовИнтеграции" id="7f81e448-1dc5-468c-910a-39b9464185c8"/>
		</Metadata>
		<Metadata name="DataProcessor.PAPI_СообщенияСервисовИнтеграции.Command.СообщенияСервисовИнтеграции.CommandModule" id="7f81e448-1dc5-468c-910a-39b9464185c8.2" configVersion="f544673740b2129f127388e1c1bd0a511d49394e"/>
		<Metadata name="DataProcessor.PAPI_СообщенияСервисовИнтеграции.Form.Форма" id="f63e70c6-401a-4dd3-be03-90d2fce6ac51" configVersion="b128110abf26366daedd09fb9f090ede1608811f"/>
		<Metadata name="DataProcessor.PAPI_СообщенияСервисовИнтеграции.Form.Форма.Form" id="f63e70c6-401a-4dd3-be03-90d2fce6ac51.0" configVersion="6884609945585a3532a38342deb01c37995700ee"/>
		<Metadata name="DataProcessor.PAPI_СообщенияСервисовИнтеграции.ObjectModule" id="848c3bd5-484d-4c8f-8ac0-f49b8ebcf649.0" configVersion="3249fa478fcaadcbaed4dde630770d7116b95d80"/>
		<Metadata name="Document.PAPI_ВходящийЗапрос" id="f6020250-c25e-4107-aef3-f7aa371a5027" configVersion="a6054f8b30221465be8170c78b6c9f73f04dbb6b">
			<Metadata name="Document.PAPI_ВходящийЗапрос.Attribute.ЕстьТелоЗапроса" id="5b66111d-05a4-4aa1-9e3e-bd05de2dbdcc"/>
			<Metadata name="Document.PAPI_ВходящийЗапрос.Attribute.Метод" id="743bf84f-2027-4d3f-9c54-b3b3ea983a37"/>
			<Metadata name="Document.PAPI_ВходящийЗапрос.Attribute.Комментарий" id="c6b0030a-5a72-4db1-aab0-c9e7a3128515"/>
			<Metadata name="Document.PAPI_ВходящийЗапрос.Attribute.Запрос" id="d68771e8-ef32-433f-b2c8-8c50728719ec"/>
			<Metadata name="Document.PAPI_ВходящийЗапрос.Attribute.ТелоЗапроса" id="dc284fff-0e20-4859-ad93-4e78498adf18"/>
		</Metadata>
		<Metadata name="Document.PAPI_ВходящийЗапрос.Form.ФормаДокумента" id="8a80b7bb-89f4-40ca-a95e-5fcd0bc0068f" configVersion="15dc680340f1110901635a4123c85a4b14fa7934"/>
		<Metadata name="Document.PAPI_ВходящийЗапрос.Form.ФормаДокумента.Form" id="8a80b7bb-89f4-40ca-a95e-5fcd0bc0068f.0" configVersion="25c0420f16094e09f0784c2f0d026d4839ecc3a5"/>
		<Metadata name="Document.PAPI_ВходящийЗапрос.ObjectModule" id="f6020250-c25e-4107-aef3-f7aa371a5027.0" configVersion="a757ecaba3d44c3a3123630ff11dc58b78a9fc13"/>
		<Metadata name="Enum.PAPI_ДействиеСДокументом" id="8e556a81-af90-4719-a24a-ce1456c23883" configVersion="382a627c1d960df9223186d926298c8397f6caf0">
			<Metadata name="Enum.PAPI_ДействиеСДокументом.EnumValue.Запись" id="18bbd3ae-d32c-40dc-bdb9-76ad5b99aa70"/>
			<Metadata name="Enum.PAPI_ДействиеСДокументом.EnumValue.ОтменаПроведения" id="2bd1a892-02da-4230-bd3d-4ff267d386b2"/>
			<Metadata name="Enum.PAPI_ДействиеСДокументом.EnumValue.Проведение" id="34711be9-d7d6-4a4e-948a-bab8491cef0e"/>
			<Metadata name="Enum.PAPI_ДействиеСДокументом.EnumValue.ПроведениеНеоперативный" id="c5fff558-01f9-4cfa-84e6-b46722a12f45"/>
		</Metadata>
		<Metadata name="Enum.PAPI_ТелоЗапроса" id="1dd11933-dab4-42ea-8f5e-e3a878488fae" configVersion="a80d8aff1387434b4a8639604f05b2755e81cf73">
			<Metadata name="Enum.PAPI_ТелоЗапроса.EnumValue.ДвоичныеДанные" id="20e7edee-28a8-4306-ade5-20b2f91c5fb2"/>
			<Metadata name="Enum.PAPI_ТелоЗапроса.EnumValue.Строка" id="7a8e21ea-63e3-48f0-b17f-a94759c89a01"/>
			<Metadata name="Enum.PAPI_ТелоЗапроса.EnumValue.Поток" id="e224754f-6a40-40f2-9a0b-f8dd7b22787e"/>
		</Metadata>
		<Metadata name="Enum.PAPI_ТелоОтвета" id="41b21fbc-ec53-4042-a247-2e16bfd1a922" configVersion="47507bd32f61daa0f82f7864b18fbc44f2495c0d">
			<Metadata name="Enum.PAPI_ТелоОтвета.EnumValue.Строка" id="15aed9a4-dec7-4751-b72f-1fb2ba247975"/>
			<Metadata name="Enum.PAPI_ТелоОтвета.EnumValue.ДвоичныеДанные" id="7cedabb6-af10-464c-adc1-2867e6a4c781"/>
			<Metadata name="Enum.PAPI_ТелоОтвета.EnumValue.Файл" id="89c50752-280b-4669-bd54-2ffa661500dd"/>
		</Metadata>
		<Metadata name="Enum.PAPI_ТипВыполнения" id="1964e7b6-6bd5-4fe4-beb0-fe05d8f262f8" configVersion="31116bf11111aa8f0cef4af35ba31f85c6d4f444">
			<Metadata name="Enum.PAPI_ТипВыполнения.EnumValue.Произвольный" id="092c8572-ac15-4395-a1e1-8ede3fc3880d"/>
			<Metadata name="Enum.PAPI_ТипВыполнения.EnumValue.Алгоритм" id="c3be3d0d-777f-47f9-a75a-f92b24908531"/>
			<Metadata name="Enum.PAPI_ТипВыполнения.EnumValue.ВнешняяОбработка" id="cae14fd5-8f98-409f-8780-0f8e979c9e02"/>
		</Metadata>
		<Metadata name="Enum.PAPI_ТипЛога" id="367bf6c8-e9b6-4bbd-9559-58f70df7f43d" configVersion="20b210fb47e3ca875f618703dd36cb95fcd761c6">
			<Metadata name="Enum.PAPI_ТипЛога.EnumValue.Ошибка" id="1f4c8d47-bfd4-42d5-9960-1d3fc206f818"/>
			<Metadata name="Enum.PAPI_ТипЛога.EnumValue.Примечание" id="5512aaed-078e-486c-aa89-0cc1984d236a"/>
			<Metadata name="Enum.PAPI_ТипЛога.EnumValue.Предупреждение" id="8935b8e0-137a-416b-b761-f1cf0b80a415"/>
			<Metadata name="Enum.PAPI_ТипЛога.EnumValue.Информация" id="adb2e203-048e-44c1-b8f0-6a5a23aa46c8"/>
		</Metadata>
		<Metadata name="Enum.PAPI_ТипПодпискиНаСобытие" id="7ca9bc66-7f22-4d85-a977-8c07626ba726" configVersion="0e7048d5d75e7aa6dc85a444b0bd92f9fd0b755f">
			<Metadata name="Enum.PAPI_ТипПодпискиНаСобытие.EnumValue.ПередУдалением" id="0bf9487e-a536-4c7c-860b-037dcc657d62"/>
			<Metadata name="Enum.PAPI_ТипПодпискиНаСобытие.EnumValue.ОбработкаФормированияПоВерсииИсторииДанных" id="3738dfbe-d8bb-4eaa-8eae-103d1c38a185"/>
			<Metadata name="Enum.PAPI_ТипПодпискиНаСобытие.EnumValue.ПередЗаписью" id="4ad5c1e2-082c-4929-abcb-ccec4ab87a80"/>
			<Metadata name="Enum.PAPI_ТипПодпискиНаСобытие.EnumValue.ОбработкаПослеЗаписиВерсийИсторииДанных" id="4e9c0bd6-0c72-4605-91f9-85d62bb722aa"/>
			<Metadata name="Enum.PAPI_ТипПодпискиНаСобытие.EnumValue.ОбработкаПроведения" id="6ffa25d4-37b7-4e28-9d5a-81aa4fee8cff"/>
			<Metadata name="Enum.PAPI_ТипПодпискиНаСобытие.EnumValue.ОбработкаУдаленияПроведения" id="d8c107ce-53ba-4145-8b2a-b5b7ce1f068e"/>
			<Metadata name="Enum.PAPI_ТипПодпискиНаСобытие.EnumValue.ПриЗаписи" id="e4104d07-d644-4d1b-aa32-84c7a25337bd"/>
			<Metadata name="Enum.PAPI_ТипПодпискиНаСобытие.EnumValue.ПриКопировании" id="edb8f0ae-cc74-44f6-bfca-26232eff7b57"/>
			<Metadata name="Enum.PAPI_ТипПодпискиНаСобытие.EnumValue.ОбработкаПроверкиЗаполнения" id="f7cc6d09-1b51-4e46-a0b4-09eda8ccb866"/>
		</Metadata>
		<Metadata name="EventSubscription.PAPI_ОбработкаПослеЗаписиВерсийИсторииДанных" id="33fb0598-dda6-45e2-8cb1-49a6bfa3267f" configVersion="5703ca6bb3fdd3ed69ecdea616be5a93ace2a01b"/>
		<Metadata name="EventSubscription.PAPI_ОбработкаПроведения_Документы" id="837b5b6a-c8d3-4136-951f-b6ceab337cc9" configVersion="82c70284e0f6fd97b3f8a3b5252b6acf5e33685f"/>
		<Metadata name="EventSubscription.PAPI_ОбработкаПроверкиЗаполнения" id="4cdde5ed-dac1-4051-9801-8fffc887ec26" configVersion="0b39d4d5fe1cf431d78c7615cb1f0a54237245ab"/>
		<Metadata name="EventSubscription.PAPI_ОбработкаУдаленияПроведения_Документы" id="4647a012-3e41-4d75-8826-a0a004be64c5" configVersion="3fbc42759b7b631e38d24d05a03d0dc7ebe21e3f"/>
		<Metadata name="EventSubscription.PAPI_ОбработкаФормированияПоВерсииИсторииДанных_Объекты" id="33f01d91-2098-441a-b29d-eb834856ad35" configVersion="a2a75da0231058672f77edccaf9e6cf2a0dcad5c"/>
		<Metadata name="EventSubscription.PAPI_ОбработкаФормированияПоВерсииИсторииДанных_РегистрСведений" id="71c8c45b-40c7-4b28-8ed5-081015474430" configVersion="de4e05aa962d2d2967e3efe6395d8c04f57b4ba6"/>
		<Metadata name="EventSubscription.PAPI_ПередЗаписью_Документы" id="20d25d8b-bd98-40e6-b2a7-044f4099ea75" configVersion="0ef7c0b5d656e556c34af37cef3597905bf14220"/>
		<Metadata name="EventSubscription.PAPI_ПередЗаписью_ОбъектыБезДокументов" id="91313ce2-04f6-48b8-ad50-148b7aced300" configVersion="ba517a882cde9b9dad4024c153357c1878e2b6a0"/>
		<Metadata name="EventSubscription.PAPI_ПередЗаписью_РегистрРасчетаНаборЗаписей" id="962c493d-7dd5-4117-badc-361a4a45e5a6" configVersion="fbfaa36c07fa5d6aba2ee2782dc516a15e4649de"/>
		<Metadata name="EventSubscription.PAPI_ПередЗаписью_Регистры" id="e0978a7f-0ae7-4d9d-8ea2-f76ecee45775" configVersion="e541592a515da9b387eda9effb6fbcfd965038e7"/>
		<Metadata name="EventSubscription.PAPI_ПередУдалением_Объекты" id="5fbd2806-f63c-4d4d-b2c1-228159e2eac6" configVersion="57539d39f3b35250fa085dd1124ffb90d539ae18"/>
		<Metadata name="EventSubscription.PAPI_ПриЗаписи_Объекты" id="54a0db50-e24e-44ec-8a7f-aa1cd1849f4d" configVersion="6df4b803344a46277ee5e4a075d6035ee525cdf5"/>
		<Metadata name="EventSubscription.PAPI_ПриЗаписи_РегистрРасчетаНаборЗаписей" id="315d7676-927a-436f-af65-bfb02cb5d08a" configVersion="2e753bda08b526abdb2f37fa976aec0fe13511df"/>
		<Metadata name="EventSubscription.PAPI_ПриЗаписи_Регистры" id="0b312863-de15-41ec-a37f-2c605e02264a" configVersion="d51b3a42a099b96962bbdede19beae0e2a2fbec3"/>
		<Metadata name="EventSubscription.PAPI_ПриКопировании_Объекты" id="1abc1244-c683-4235-ab66-e070c2f84630" configVersion="7debe7e39e4506aab2f9a3e970189fbcef58099a"/>
		<Metadata name="FunctionalOption.PAPI_ЛогированиеВходящихСообщенийСервисаИнтеграции" id="de70fff3-8eee-45ce-ab1f-874718858429" configVersion="694741d6274f2ba3a81839befdf5e384970a46f2"/>
		<Metadata name="FunctionalOption.PAPI_ОбменыСервисовИнтеграцииВключены" id="982bc804-8adb-4c8d-9984-459fb22de8a3" configVersion="f513e249a742a24c65369fef83489cf28a05088e"/>
		<Metadata name="HTTPService.PAPI" id="62612da8-fbd9-4f9c-af78-3c65c1dcd54a" configVersion="1c06d6d4236a814e4e0ecf102d09cd001b997345">
			<Metadata name="HTTPService.PAPI.URLTemplate.PAPI" id="59fdde9d-95a1-46d7-92d3-532811e5f81a"/>
			<Metadata name="HTTPService.PAPI.URLTemplate.PAPI.Method.ANY" id="7ad22af8-e220-4652-913e-4e3ac77a3f3e"/>
		</Metadata>
		<Metadata name="HTTPService.PAPI.Module" id="62612da8-fbd9-4f9c-af78-3c65c1dcd54a.0" configVersion="fa01637c8bcc46b7a504b5a59146a8ee764fb6de"/>
		<Metadata name="HTTPService.papi_lower" id="c21247e5-bb7d-4f1a-b76f-75ca83622c3f" configVersion="9aba6a3024bf93c56d45a2ebc93e8d05002d6336">
			<Metadata name="HTTPService.papi_lower.URLTemplate.PAPI.Method.ANY" id="0dbfd383-0e81-4f16-8c32-98e8858b0b39"/>
			<Metadata name="HTTPService.papi_lower.URLTemplate.PAPI" id="9e52fd40-8f1b-41c0-a90f-a695fa6e63be"/>
		</Metadata>
		<Metadata name="HTTPService.papi_lower.Module" id="c21247e5-bb7d-4f1a-b76f-75ca83622c3f.0" configVersion="fa01637c8bcc46b7a504b5a59146a8ee764fb6de"/>
		<Metadata name="InformationRegister.PAPI_ВходящиеСообщенияСервисаИнтеграции" id="4937197a-79fa-444b-a6d0-79b5ac851aa3" configVersion="31fe149af3208aba49ca5b9f3402e281ce912521">
			<Metadata name="InformationRegister.PAPI_ВходящиеСообщенияСервисаИнтеграции.Attribute.Представление" id="1e0f7565-e319-4ba4-bc5d-ecbce60b00be"/>
			<Metadata name="InformationRegister.PAPI_ВходящиеСообщенияСервисаИнтеграции.Resource.ДатаУстаревания" id="4545e26f-3720-4af3-bde0-aa8b80314bf8"/>
			<Metadata name="InformationRegister.PAPI_ВходящиеСообщенияСервисаИнтеграции.Attribute.ИдОбъекта" id="4594d664-349c-4245-8c2e-4743fa63e1f2"/>
			<Metadata name="InformationRegister.PAPI_ВходящиеСообщенияСервисаИнтеграции.Attribute.ТипСообщения" id="61446822-3f0a-4838-bc63-c1c06894e435"/>
			<Metadata name="InformationRegister.PAPI_ВходящиеСообщенияСервисаИнтеграции.Attribute.ДанныеПрочитаны" id="61a930f2-9184-4add-825f-6e1a4e9ce506"/>
			<Metadata name="InformationRegister.PAPI_ВходящиеСообщенияСервисаИнтеграции.Attribute.ДатаОтправки" id="61cd9da9-2498-4107-8445-eb7399a8afb7"/>
			<Metadata name="InformationRegister.PAPI_ВходящиеСообщенияСервисаИнтеграции.Attribute.ВидИзменения" id="6af64c1d-6fa1-4e69-b963-ec16dda889f7"/>
			<Metadata name="InformationRegister.PAPI_ВходящиеСообщенияСервисаИнтеграции.Attribute.ТипОбъекта" id="a4886cbf-1fb8-44a5-b8e2-1be8e534ece4"/>
			<Metadata name="InformationRegister.PAPI_ВходящиеСообщенияСервисаИнтеграции.Dimension.КодОтправителя" id="b8bad08d-09d3-43e0-946f-c96672c3e7ed"/>
			<Metadata name="InformationRegister.PAPI_ВходящиеСообщенияСервисаИнтеграции.Resource.Сообщение" id="cafb5b29-bdf5-4ae5-a5be-1fb4065a31c3"/>
			<Metadata name="InformationRegister.PAPI_ВходящиеСообщенияСервисаИнтеграции.Attribute.ИдентификаторСообщенияЗапроса" id="ceb2ad79-ecd6-47cc-8a31-183c95f455d4"/>
			<Metadata name="InformationRegister.PAPI_ВходящиеСообщенияСервисаИнтеграции.Attribute.ТекстОшибки" id="eb4ce09b-7efd-4533-8129-a4f180588fd9"/>
			<Metadata name="InformationRegister.PAPI_ВходящиеСообщенияСервисаИнтеграции.Attribute.ДатаЧтения" id="f488f812-a064-4e4e-b4ec-c6b85507b713"/>
			<Metadata name="InformationRegister.PAPI_ВходящиеСообщенияСервисаИнтеграции.Dimension.Идентификатор" id="f8c1aa6f-5352-4d85-9682-bb04de0a0005"/>
		</Metadata>
		<Metadata name="InformationRegister.PAPI_ВходящиеСообщенияСервисаИнтеграции.Form.ФормаЗаписи" id="eb312a04-70bf-4bdf-a1d9-5f26d744517c" configVersion="707a5ffed2ddd56037507d94e351da9881ec2c15"/>
		<Metadata name="InformationRegister.PAPI_ВходящиеСообщенияСервисаИнтеграции.Form.ФормаЗаписи.Form" id="eb312a04-70bf-4bdf-a1d9-5f26d744517c.0" configVersion="5cc0ecd44aa3fa80c735c9e0e46c0ba6380b08b3"/>
		<Metadata name="InformationRegister.PAPI_ВходящиеСообщенияСервисаИнтеграции.Form.ФормаСписка" id="107a1592-6f0c-4379-bb53-3d485171d42a" configVersion="7c161d37dc3800372867abc13033fae4c3ae4ff0"/>
		<Metadata name="InformationRegister.PAPI_ВходящиеСообщенияСервисаИнтеграции.Form.ФормаСписка.Form" id="107a1592-6f0c-4379-bb53-3d485171d42a.0" configVersion="0d76477e4a2b71a8f57a32c977cfdb777ac5c171"/>
		<Metadata name="InformationRegister.PAPI_ВходящиеСообщенияСервисаИнтеграции.ManagerModule" id="4937197a-79fa-444b-a6d0-79b5ac851aa3.2" configVersion="156ee136dfd195aa357772e834ac45316070283d"/>
		<Metadata name="InformationRegister.PAPI_ЗапросНедостающихДанных" id="974b5789-522d-4946-aed8-3f8e84a67847" configVersion="31b09e9ce82813191782b4eaaa0f27044113e847">
			<Metadata name="InformationRegister.PAPI_ЗапросНедостающихДанных.Dimension.Идентификатор" id="00a7a407-5be8-43c5-8232-6b6114e44e75"/>
			<Metadata name="InformationRegister.PAPI_ЗапросНедостающихДанных.Attribute.ИдОбъекта" id="01d79555-7436-44c8-9342-097c1edc4320"/>
			<Metadata name="InformationRegister.PAPI_ЗапросНедостающихДанных.Attribute.ТипОбъекта" id="0aebe95a-e4a8-4c75-adbf-a9c5bfb3befa"/>
			<Metadata name="InformationRegister.PAPI_ЗапросНедостающихДанных.Resource.КодОтправителя" id="599dde07-1927-4eaf-b6d9-17df4ac7d208"/>
			<Metadata name="InformationRegister.PAPI_ЗапросНедостающихДанных.Attribute.ДатаОтправки" id="6c7cd849-3e6b-4c7f-b625-182bc6cadd5f"/>
			<Metadata name="InformationRegister.PAPI_ЗапросНедостающихДанных.Attribute.ТекстОшибки" id="880db97f-7d0e-45eb-9e75-8ffa716f8192"/>
			<Metadata name="InformationRegister.PAPI_ЗапросНедостающихДанных.Attribute.Представление" id="89c6bd0e-57f5-42ac-9b8c-6b542e38b596"/>
			<Metadata name="InformationRegister.PAPI_ЗапросНедостающихДанных.Resource.ВходящийИдентификатор" id="8e28edd9-a079-40ce-a106-38a307a8eda8"/>
			<Metadata name="InformationRegister.PAPI_ЗапросНедостающихДанных.Attribute.ДанныеПрочитаны" id="99bf4a24-8556-4ebc-ab83-e597a5b56fca"/>
			<Metadata name="InformationRegister.PAPI_ЗапросНедостающихДанных.Attribute.ТипСообщения" id="a0029e5a-980d-4f77-bf27-ac745242c3fa"/>
			<Metadata name="InformationRegister.PAPI_ЗапросНедостающихДанных.Attribute.ДатаЧтения" id="befd8e4b-9eb2-451c-80db-a7558e33a214"/>
		</Metadata>
		<Metadata name="InformationRegister.PAPI_ЗапросНедостающихДанных.ManagerModule" id="974b5789-522d-4946-aed8-3f8e84a67847.2" configVersion="835c0fedbe4bca29d159a42545a9c457982050d8"/>
		<Metadata name="InformationRegister.PAPI_ЛогАлгоритмов" id="ae7045b1-74e4-460c-856a-54405036b434" configVersion="cd6a862edb22676397a62ded738614a92b748fda">
			<Metadata name="InformationRegister.PAPI_ЛогАлгоритмов.Dimension.ДатаВремя" id="051b6d92-fef5-44d6-8a54-9ea96c36d350"/>
			<Metadata name="InformationRegister.PAPI_ЛогАлгоритмов.Attribute.Информация" id="67be7463-f416-4ac8-a268-c0909e29d413"/>
			<Metadata name="InformationRegister.PAPI_ЛогАлгоритмов.Dimension.ТипЛога" id="83596c60-e621-41a6-84f3-eae53664901d"/>
			<Metadata name="InformationRegister.PAPI_ЛогАлгоритмов.Dimension.Алгоритм" id="d88083e1-3b93-4869-a2f3-06fcc289b817"/>
		</Metadata>
		<Metadata name="InformationRegister.PAPI_ЛогАлгоритмов.Form.ФормаЗаписи" id="141b788f-5a98-42cf-a6d2-c26cc0f08bce" configVersion="697e9e0e9f6cd4af5fd229d2d4f91d694301f7e9"/>
		<Metadata name="InformationRegister.PAPI_ЛогАлгоритмов.Form.ФормаЗаписи.Form" id="141b788f-5a98-42cf-a6d2-c26cc0f08bce.0" configVersion="18c4d425171228164ba7525b390b8e8dad0f57d6"/>
		<Metadata name="InformationRegister.PAPI_ЛогАлгоритмов.ManagerModule" id="ae7045b1-74e4-460c-856a-54405036b434.2" configVersion="bfbec6288e9dde53a5a32331e3546db87e928658"/>
		<Metadata name="InformationRegister.PAPI_ЛогМетодов" id="838cb7a6-9486-4ea0-919a-98f2475c74c1" configVersion="4e5f5176269202983be1e9432185fcf7e758c475">
			<Metadata name="InformationRegister.PAPI_ЛогМетодов.Dimension.Метод" id="3d8073ca-efee-4a95-8adb-24c650e0427a"/>
			<Metadata name="InformationRegister.PAPI_ЛогМетодов.Dimension.ТипЛога" id="4ad23fd8-8dc6-4725-9226-a8b8ddb6e3d6"/>
			<Metadata name="InformationRegister.PAPI_ЛогМетодов.Attribute.Информация" id="93530bca-22e8-48bf-b688-675ecbba4946"/>
			<Metadata name="InformationRegister.PAPI_ЛогМетодов.Dimension.ДатаВремя" id="e3f0fad2-9618-409d-9265-262974e3f254"/>
		</Metadata>
		<Metadata name="InformationRegister.PAPI_ЛогМетодов.Form.ФормаЗаписи" id="278f519d-b8b8-4679-bbda-6d0bf732517d" configVersion="541c43da66c3cc09a22aa291c35e9a25569216b6"/>
		<Metadata name="InformationRegister.PAPI_ЛогМетодов.Form.ФормаЗаписи.Form" id="278f519d-b8b8-4679-bbda-6d0bf732517d.0" configVersion="e368427bb80696578626be926d78ea3da8b89f4b"/>
		<Metadata name="InformationRegister.PAPI_ЛогМетодов.ManagerModule" id="838cb7a6-9486-4ea0-919a-98f2475c74c1.2" configVersion="577fe41773ea795626f76f06b8269b3067cf1f88"/>
		<Metadata name="InformationRegister.PAPI_ОтборыПолучателей" id="340a1bd9-5442-4233-84f2-92b64854a3bb" configVersion="3a89013636e6f983f094a049a1d723e82a21302a">
			<Metadata name="InformationRegister.PAPI_ОтборыПолучателей.Dimension.Получатель" id="49f4d0ec-683a-41e6-96b0-310a75158381"/>
			<Metadata name="InformationRegister.PAPI_ОтборыПолучателей.Dimension.Реквизит" id="6cb968d7-d07c-453d-902d-6de7d51447fb"/>
			<Metadata name="InformationRegister.PAPI_ОтборыПолучателей.Dimension.ТипОбъекта" id="720cf408-0863-4603-9823-ed41583a9f7d"/>
			<Metadata name="InformationRegister.PAPI_ОтборыПолучателей.Dimension.Значение" id="d9e97ec6-4ed4-4ea9-8c38-8af9a32dc476"/>
		</Metadata>
		<Metadata name="InformationRegister.PAPI_ОтборыПолучателей.Form.ФормаСписка" id="4f383b98-2fb9-449b-8784-66d7983a7217" configVersion="93b4e177038c1ce5030caacf75bcb2ca97fbc6de"/>
		<Metadata name="InformationRegister.PAPI_ОтборыПолучателей.Form.ФормаСписка.Form" id="4f383b98-2fb9-449b-8784-66d7983a7217.0" configVersion="ab30b8c35ab2f96dd88286c9ca03cba75b2422e1"/>
		<Metadata name="InformationRegister.PAPI_ОтборыПолучателей.ManagerModule" id="340a1bd9-5442-4233-84f2-92b64854a3bb.2" configVersion="cacffd690267bb927be1d873f95fc754cee7b743"/>
		<Metadata name="InformationRegister.PAPI_ОчередьАлгоритмовДляФоновогоВыполнения" id="735fcb6c-6b47-44f3-a476-845d0ea5f008" configVersion="47cc9c2ac6ba2979408e732fbef6517f71db6f6d">
			<Metadata name="InformationRegister.PAPI_ОчередьАлгоритмовДляФоновогоВыполнения.Attribute.ДатаОкончания" id="09243007-2b81-46a9-9388-72ffc829d306"/>
			<Metadata name="InformationRegister.PAPI_ОчередьАлгоритмовДляФоновогоВыполнения.Dimension.Алгоритм" id="1389fa17-7c17-481b-a4fa-d538303c0890"/>
			<Metadata name="InformationRegister.PAPI_ОчередьАлгоритмовДляФоновогоВыполнения.Attribute.ДатаНачала" id="1ca6346b-625c-4a3a-9ab6-029e62f84d64"/>
			<Metadata name="InformationRegister.PAPI_ОчередьАлгоритмовДляФоновогоВыполнения.Attribute.Выполнен" id="5ef77263-68c2-4a99-9f21-18b756bce7e7"/>
			<Metadata name="InformationRegister.PAPI_ОчередьАлгоритмовДляФоновогоВыполнения.Dimension.КлючПоиска" id="6d40e314-88bf-4d98-b21a-44729aac33fa"/>
			<Metadata name="InformationRegister.PAPI_ОчередьАлгоритмовДляФоновогоВыполнения.Attribute.ТекстОшибки" id="7d4f22dd-fd24-4fa4-b607-ebf796975bad"/>
			<Metadata name="InformationRegister.PAPI_ОчередьАлгоритмовДляФоновогоВыполнения.Attribute.КоличествоПопыток" id="a8c0e4a6-7ba6-42a9-b5b0-7ff31fe3dd90"/>
			<Metadata name="InformationRegister.PAPI_ОчередьАлгоритмовДляФоновогоВыполнения.Resource.ПараметрыАлгоритма" id="cc4fd653-573a-4461-9ba4-b70f788e9a22"/>
			<Metadata name="InformationRegister.PAPI_ОчередьАлгоритмовДляФоновогоВыполнения.Attribute.Ошибка" id="ce167b3e-76d3-4125-8d36-2f828e17186c"/>
		</Metadata>
		<Metadata name="InformationRegister.PAPI_ОчередьАлгоритмовДляФоновогоВыполнения.ManagerModule" id="735fcb6c-6b47-44f3-a476-845d0ea5f008.2" configVersion="016885d2950f3fab67a71a2bbbbec799d3800a55"/>
		<Metadata name="InformationRegister.PAPI_ОчередьДействийСДокументами" id="067a44ed-6f1b-459a-b3b8-ef0cfecdd691" configVersion="4becfa6694a3122de1177870347b25c13b7b61db">
			<Metadata name="InformationRegister.PAPI_ОчередьДействийСДокументами.Dimension.ИдОбъекта" id="3da98189-c9ed-4090-8e00-62551df7f664"/>
			<Metadata name="InformationRegister.PAPI_ОчередьДействийСДокументами.Attribute.КоличествоПопыток" id="46238521-f903-41bc-84cd-066e3d0a6cdf"/>
			<Metadata name="InformationRegister.PAPI_ОчередьДействийСДокументами.Resource.Действие" id="5ddfbc40-4029-4c8b-821a-79cdb473dd7d"/>
			<Metadata name="InformationRegister.PAPI_ОчередьДействийСДокументами.Attribute.Представление" id="6f805f8d-79f4-4204-bbdd-3f43b724b148"/>
			<Metadata name="InformationRegister.PAPI_ОчередьДействийСДокументами.Attribute.ТекстОшибки" id="8dc57f9e-76c8-44d7-a161-4ce78bfbdb86"/>
			<Metadata name="InformationRegister.PAPI_ОчередьДействийСДокументами.Dimension.ТипОбъекта" id="a511a082-739a-4c82-b6c7-275090450160"/>
			<Metadata name="InformationRegister.PAPI_ОчередьДействийСДокументами.Attribute.Выполнено" id="f291ac41-6356-4b45-8f5b-10ca98dfedf1"/>
		</Metadata>
		<Metadata name="InformationRegister.PAPI_ОчередьДействийСДокументами.Form.ФормаЗаписи" id="1866bc1b-ee46-4a20-9bac-f20ef0f008ae" configVersion="b3b3eace3cc007a8e60272a47b4e48789591b418"/>
		<Metadata name="InformationRegister.PAPI_ОчередьДействийСДокументами.Form.ФормаЗаписи.Form" id="1866bc1b-ee46-4a20-9bac-f20ef0f008ae.0" configVersion="4c742091836cc4c6ae9fdba1bc723cea279a0ec7"/>
		<Metadata name="InformationRegister.PAPI_ОчередьДействийСДокументами.Form.ФормаСписка" id="b16660ff-7d08-48a2-9b0a-fb946e9b8fd9" configVersion="d02657fdd42fbfcf6825bcf9e79e483a81e0161c"/>
		<Metadata name="InformationRegister.PAPI_ОчередьДействийСДокументами.Form.ФормаСписка.Form" id="b16660ff-7d08-48a2-9b0a-fb946e9b8fd9.0" configVersion="6e1872fab15124771ce6868f30bb34561aec7a80"/>
		<Metadata name="InformationRegister.PAPI_ОчередьДействийСДокументами.ManagerModule" id="067a44ed-6f1b-459a-b3b8-ef0cfecdd691.2" configVersion="a058377ad543606133278d2cbcce0b385286268a"/>
		<Metadata name="InformationRegister.PAPI_ХранилищеРезультатов" id="12fe4574-a967-444d-b33c-0573e5be004a" configVersion="fe5f1f6739117e1cc65d9dab42c7723257db5db6">
			<Metadata name="InformationRegister.PAPI_ХранилищеРезультатов.Attribute.ВсегоЧастей" id="094d8280-f478-45bb-96a9-b5bd378764d9"/>
			<Metadata name="InformationRegister.PAPI_ХранилищеРезультатов.Attribute.ХешЧасти" id="1bb1137c-2de1-4eed-ab68-d33557d2fe3f"/>
			<Metadata name="InformationRegister.PAPI_ХранилищеРезультатов.Resource.Результат" id="4e528206-c0d2-4868-8076-a3b1bab5c22c"/>
			<Metadata name="InformationRegister.PAPI_ХранилищеРезультатов.Attribute.ДатаСоздания" id="9bb5712e-ae35-4ecb-860e-f1881956b645"/>
			<Metadata name="InformationRegister.PAPI_ХранилищеРезультатов.Dimension.КлючПоиска" id="cb38f112-dbd2-4afe-bb58-00a2c9bb945f"/>
			<Metadata name="InformationRegister.PAPI_ХранилищеРезультатов.Dimension.НомерЧасти" id="d2834b60-5738-44a3-b178-9495e23ae09c"/>
		</Metadata>
		<Metadata name="InformationRegister.PAPI_ХранилищеРезультатов.ManagerModule" id="12fe4574-a967-444d-b33c-0573e5be004a.2" configVersion="e24faf2911afd6e4332f9270c1ff499c270886f3"/>
		<Metadata name="Language.Русский" id="8c00922b-80b2-4c14-b156-64065fc06a8a" configVersion="34e03c292da0839bd81920e3de2e90327398b30c"/>
		<Metadata name="Role.PAPI_Администратор" id="9d1bac82-a05f-4f35-ba30-ce8f98f0ff2c" configVersion="122a77db2fe3c404f7773678b7ea96a4ceac3892"/>
		<Metadata name="Role.PAPI_Администратор.Rights" id="9d1bac82-a05f-4f35-ba30-ce8f98f0ff2c.0" configVersion="050a12f87f664c796e9350e0527b1d654dd52662"/>
		<Metadata name="Role.PAPI_БазовыеПрава" id="f9cc58f8-eb14-4921-be2b-af8c255d0ba3" configVersion="f8b146c49e5ae0583d0502c842b3834c8434da67"/>
		<Metadata name="Role.PAPI_БазовыеПрава.Rights" id="f9cc58f8-eb14-4921-be2b-af8c255d0ba3.0" configVersion="2316b994ad895f86d35073169c30e03ac6cc479c"/>
		<Metadata name="Role.PAPI_ПодсистемаPAPI" id="89edac91-9890-4c30-a3ca-68b95002e746" configVersion="d23062c9243face800498b94ec83c2ef0b83f11b"/>
		<Metadata name="Role.PAPI_ПодсистемаPAPI.Rights" id="89edac91-9890-4c30-a3ca-68b95002e746.0" configVersion="d233e45ecc6d216221de039d4c3d50401de9732f"/>
		<Metadata name="ScheduledJob.PAPI_ВыполнитьОбработкуОчередиДействийСДокументами" id="6b377891-4081-4447-9c0e-17d6a5181f6a" configVersion="d3360ff5cc38d04d54769d7ffc8e6c8c2049cb5a"/>
		<Metadata name="ScheduledJob.PAPI_ИсторияДанныхВыполнитьОбработкуПослеЗаписиВерсий" id="f913d438-2a5f-4bf7-bbdc-baad2501fa54" configVersion="e23e0fe03752936adeb43c23cb9e3cd5421a43cb"/>
		<Metadata name="ScheduledJob.PAPI_ИсторияДанныхОбновитьИсторию" id="54b4f7cc-b9f1-4831-8166-84c091fe605f" configVersion="6fc7fc1cabdf921133c6f81feae71562b190e966"/>
		<Metadata name="ScheduledJob.PAPI_СервисыИнтеграцииВыполнитьОбработку" id="b20d73a3-d789-4b9e-8e94-579da2d6fce1" configVersion="9271c296e2de3e30e045855bad884005f80391c4"/>
		<Metadata name="ScheduledJob.PAPI_СервисыИнтеграцииВыполнитьОбработку.Schedule" id="b20d73a3-d789-4b9e-8e94-579da2d6fce1.0" configVersion="f1a80b85e0a5474c79dceeb2767da3b0e8b6e2d1"/>
		<Metadata name="Subsystem.PAPI" id="a17e61f6-2bdd-45e2-b9c2-9661609099be" configVersion="695137af5a0831bdf95673fef93caa2157cb73e6"/>
		<Metadata name="Subsystem.PAPI.CommandInterface" id="a17e61f6-2bdd-45e2-b9c2-9661609099be.1" configVersion="0f10fd578c2a7915cab7f1e10d4ed8203b57d3aa"/>
		<Metadata name="Subsystem.PAPI.Subsystem.PAPI_HTTP" id="d80565dc-59cb-4c4b-a6b4-36f550b5a86f" configVersion="98b2e888fff88d41f3d3b910750e280325aba2ca"/>
		<Metadata name="Subsystem.PAPI.Subsystem.PAPI_HTTP.CommandInterface" id="d80565dc-59cb-4c4b-a6b4-36f550b5a86f.1" configVersion="85329a15038ff67ad280462a83af710c333ac5eb"/>
		<Metadata name="Subsystem.PAPI.Subsystem.PAPI_HTTP.Subsystem.PAPI_Методы" id="79b3b551-ae01-4ca1-a982-d68177d03366" configVersion="2c2fe86dd5860a972628fef0bd4f61e864ca8634"/>
		<Metadata name="Subsystem.PAPI.Subsystem.PAPI_HTTP.Subsystem.PAPI_Методы.CommandInterface" id="79b3b551-ae01-4ca1-a982-d68177d03366.1" configVersion="4673236dba7a1a483e00ca999f70509d079b645e"/>
		<Metadata name="Subsystem.PAPI.Subsystem.PAPI_Алгоритмы" id="f3a9c3f7-a7f8-4f20-b00b-2486c1217bcd" configVersion="5fadb3a0add14dfe22783ed22fd132448a53f01a"/>
		<Metadata name="Subsystem.PAPI.Subsystem.PAPI_Алгоритмы.CommandInterface" id="f3a9c3f7-a7f8-4f20-b00b-2486c1217bcd.1" configVersion="327b9caf2ad3ad54d9cc2bb9e65dd050b98cfc21"/>
		<Metadata name="Subsystem.PAPI.Subsystem.PAPI_ДополнительныеИнструменты" id="b1e906b2-220b-4399-990e-97bbeac83f88" configVersion="492ea4b6980ed28b48be9992423afe5175d9d641"/>
		<Metadata name="Subsystem.PAPI.Subsystem.PAPI_ИсторияДанных" id="6abf5225-97d8-4460-9452-fb426ae64338" configVersion="ed8ef895cb18883e0afab50330762a00b21a764f"/>
		<Metadata name="Subsystem.PAPI.Subsystem.PAPI_ИсторияДанных.CommandInterface" id="6abf5225-97d8-4460-9452-fb426ae64338.1" configVersion="0343b70a630135941908bc00875b353974dc8125"/>
		<Metadata name="Subsystem.PAPI.Subsystem.PAPI_ОтложенныеОперации" id="daafd6ed-2cec-4c3a-965e-be50a1213a5a" configVersion="8cd24aea526d1b88c8fa68904552acb1f78d5b77"/>
		<Metadata name="Subsystem.PAPI.Subsystem.PAPI_ОтложенныеОперации.CommandInterface" id="daafd6ed-2cec-4c3a-965e-be50a1213a5a.1" configVersion="305ff04b408a7faf46ab1c490a5193de52904137"/>
		<Metadata name="Subsystem.PAPI.Subsystem.PAPI_ПодпискиНаСобытия" id="b365cc65-e18b-415e-b473-bf9b650867be" configVersion="6dd16cf0bf6d8c3424c902b10fd40cfaacb3234a"/>
		<Metadata name="Subsystem.PAPI.Subsystem.PAPI_ПодпискиНаСобытия.CommandInterface" id="b365cc65-e18b-415e-b473-bf9b650867be.1" configVersion="e5b0e72e3f3ce5f4859727774d1053233f54a60d"/>
		<Metadata name="Subsystem.PAPI.Subsystem.PAPI_СервисыИнтеграции" id="8a444977-44ca-4c8e-9faa-37e226442828" configVersion="6186c7bf802046f10c06eb85825dc02039e6fb7c"/>
		<Metadata name="Subsystem.PAPI.Subsystem.PAPI_СервисыИнтеграции.CommandInterface" id="8a444977-44ca-4c8e-9faa-37e226442828.1" configVersion="2b8318befed793e5dc11ee0f747c39a6adc25c21"/>
		<Metadata name="Subsystem.PAPI.Subsystem.PAPI_СервисыИнтеграции.Subsystem.PAPI_Каналы" id="7b3e67ff-05a2-49fc-9e35-3529a858d7a6" configVersion="6714aa324235c5975326ad796c6104869dce9fa6"/>
		<Metadata name="Subsystem.PAPI.Subsystem.PAPI_СервисыИнтеграции.Subsystem.PAPI_СообщенияСервисовИнтеграции" id="389d8e10-97d9-4291-b485-0356218a95a2" configVersion="bbe66d357bc690abf73f1011c53f022953e4f367"/>
		<Metadata name="Subsystem.PAPI.Subsystem.PAPI_СервисыИнтеграции.Subsystem.PAPI_СообщенияСервисовИнтеграции.CommandInterface" id="389d8e10-97d9-4291-b485-0356218a95a2.1" configVersion="41c2d7b150753f833cbbfe0f103ad9c31dac51b5"/>
		<Metadata name="Subsystem.PAPI.Subsystem.PAPI_Шина" id="82526555-6c68-4ebb-b8c1-69b54f50ef63" configVersion="9141e419d7b39d5ae4ec5196a4defabff126daef"/>
		<Metadata name="Subsystem.PAPI.Subsystem.PAPI_Шина.CommandInterface" id="82526555-6c68-4ebb-b8c1-69b54f50ef63.1" configVersion="b3893c129a0f3a1e9729603e98e40f1b77ed0d73"/>
	</ConfigVersions>
</ConfigDumpInfo>