﻿<?xml version="1.0" encoding="UTF-8"?>
<MetaDataObject xmlns="http://v8.1c.ru/8.3/MDClasses" xmlns:app="http://v8.1c.ru/8.2/managed-application/core" xmlns:cfg="http://v8.1c.ru/8.1/data/enterprise/current-config" xmlns:cmi="http://v8.1c.ru/8.2/managed-application/cmi" xmlns:ent="http://v8.1c.ru/8.1/data/enterprise" xmlns:lf="http://v8.1c.ru/8.2/managed-application/logform" xmlns:style="http://v8.1c.ru/8.1/data/ui/style" xmlns:sys="http://v8.1c.ru/8.1/data/ui/fonts/system" xmlns:v8="http://v8.1c.ru/8.1/data/core" xmlns:v8ui="http://v8.1c.ru/8.1/data/ui" xmlns:web="http://v8.1c.ru/8.1/data/ui/colors/web" xmlns:win="http://v8.1c.ru/8.1/data/ui/colors/windows" xmlns:xen="http://v8.1c.ru/8.3/xcf/enums" xmlns:xpr="http://v8.1c.ru/8.3/xcf/predef" xmlns:xr="http://v8.1c.ru/8.3/xcf/readable" xmlns:xs="http://www.w3.org/2001/XMLSchema" xmlns:xsi="http://www.w3.org/2001/XMLSchema-instance" version="2.17">
	<Configuration uuid="ec7c6be7-4920-42d3-8618-f3ecb14699c6">
		<InternalInfo>
			<xr:ContainedObject>
				<xr:ClassId>9cd510cd-abfc-11d4-9434-004095e12fc7</xr:ClassId>
				<xr:ObjectId>6b384235-7271-4633-9b8b-3b2d33a488ec</xr:ObjectId>
			</xr:ContainedObject>
			<xr:ContainedObject>
				<xr:ClassId>9fcd25a0-4822-11d4-9414-008048da11f9</xr:ClassId>
				<xr:ObjectId>4b4bf4a2-b5a4-48df-9b92-b6a2857db6da</xr:ObjectId>
			</xr:ContainedObject>
			<xr:ContainedObject>
				<xr:ClassId>e3687481-0a87-462c-a166-9f34594f9bba</xr:ClassId>
				<xr:ObjectId>eb7fd943-2a76-4912-b89a-95f15f1434a0</xr:ObjectId>
			</xr:ContainedObject>
			<xr:ContainedObject>
				<xr:ClassId>9de14907-ec23-4a07-96f0-85521cb6b53b</xr:ClassId>
				<xr:ObjectId>61eafe60-9e7e-45cf-b2bd-485a16a408a5</xr:ObjectId>
			</xr:ContainedObject>
			<xr:ContainedObject>
				<xr:ClassId>51f2d5d8-ea4d-4064-8892-82951750031e</xr:ClassId>
				<xr:ObjectId>ee209966-187e-40e1-b602-d57604211901</xr:ObjectId>
			</xr:ContainedObject>
			<xr:ContainedObject>
				<xr:ClassId>e68182ea-4237-4383-967f-90c1e3370bc7</xr:ClassId>
				<xr:ObjectId>c06821ab-b0b7-471d-9de6-2d52ec108183</xr:ObjectId>
			</xr:ContainedObject>
			<xr:ContainedObject>
				<xr:ClassId>fb282519-d103-4dd3-bc12-cb271d631dfc</xr:ClassId>
				<xr:ObjectId>b21b156d-b98b-435c-8104-b4c9dd7ac721</xr:ObjectId>
			</xr:ContainedObject>
		</InternalInfo>
		<Properties>
			<ObjectBelonging>Adopted</ObjectBelonging>
			<Name>ПодсистемаPAPI</Name>
			<Synonym>
				<v8:item>
					<v8:lang>ru</v8:lang>
					<v8:content>Подсистема PAPI, редакция 0.9.3.4</v8:content>
				</v8:item>
			</Synonym>
			<Comment>Pretty API – Подсистема интеграционных инструментов.</Comment>
			<ConfigurationExtensionPurpose>Customization</ConfigurationExtensionPurpose>
			<KeepMappingToExtendedConfigurationObjectsByIDs>true</KeepMappingToExtendedConfigurationObjectsByIDs>
			<NamePrefix>PAPI_</NamePrefix>
			<ConfigurationExtensionCompatibilityMode>Version8_3_17</ConfigurationExtensionCompatibilityMode>
			<DefaultRunMode>ManagedApplication</DefaultRunMode>
			<UsePurposes>
				<v8:Value xsi:type="app:ApplicationUsePurpose">PlatformApplication</v8:Value>
			</UsePurposes>
			<ScriptVariant>Russian</ScriptVariant>
			<DefaultRoles>
				<xr:Item xsi:type="xr:MDObjectRef">Role.PAPI_МинимальныеПрава</xr:Item>
			</DefaultRoles>
			<Vendor>Сидоренко Дмитрий Викторович</Vendor>
			<Version>0.9.3.4</Version>
			<DefaultLanguage>Language.Русский</DefaultLanguage>
			<BriefInformation>
				<v8:item>
					<v8:lang>ru</v8:lang>
					<v8:content>Pretty API – Подсистема интеграционных инструментов.</v8:content>
				</v8:item>
			</BriefInformation>
			<DetailedInformation>
				<v8:item>
					<v8:lang>ru</v8:lang>
					<v8:content>Pretty API – Подсистема интеграционных инструментов.</v8:content>
				</v8:item>
			</DetailedInformation>
			<Copyright>
				<v8:item>
					<v8:lang>ru</v8:lang>
					<v8:content>Copyright © Сидоренко Дмитрий Викторович</v8:content>
				</v8:item>
			</Copyright>
			<VendorInformationAddress>
				<v8:item>
					<v8:lang>ru</v8:lang>
					<v8:content>https://github.com/dsdred</v8:content>
				</v8:item>
			</VendorInformationAddress>
			<ConfigurationInformationAddress>
				<v8:item>
					<v8:lang>ru</v8:lang>
					<v8:content>https://github.com/dsdred/PAPI</v8:content>
				</v8:item>
			</ConfigurationInformationAddress>
		</Properties>
		<ChildObjects>
			<Language>Русский</Language>
			<Subsystem>PAPI</Subsystem>
			<CommonPicture>PAPI</CommonPicture>
			<CommonPicture>PAPI_Команды</CommonPicture>
			<CommonPicture>PAPI_Метаданные</CommonPicture>
			<CommonPicture>PAPI_Подписки</CommonPicture>
			<CommonPicture>PAPI_ПробелыИТабуляция</CommonPicture>
			<CommonPicture>PAPI_РежимСравнения</CommonPicture>
			<CommonPicture>PAPI_Часы</CommonPicture>
			<Role>PAPI_Администратор</Role>
			<Role>PAPI_МинимальныеПрава</Role>
			<Role>PAPI_ПодсистемаPAPI</Role>
			<Role>PAPI_Оператор</Role>
			<CommonModule>PAPI</CommonModule>
			<CommonModule>PAPI_АсинхронныеОперации</CommonModule>
			<CommonModule>PAPI_ДанныеДляЗаполненияНастроек</CommonModule>
			<CommonModule>PAPI_ИсторияДанных</CommonModule>
			<CommonModule>PAPI_КонсольКода</CommonModule>
			<CommonModule>PAPI_КонсольКодаВызовСервера</CommonModule>
			<CommonModule>PAPI_КонсольКодаКлиент</CommonModule>
			<CommonModule>PAPI_КонсольКодаКлиентСервер</CommonModule>
			<CommonModule>PAPI_Логирование</CommonModule>
			<CommonModule>PAPI_ОбщегоНазначенияВызовСервера</CommonModule>
			<CommonModule>PAPI_ОбщегоНазначенияГлобальный</CommonModule>
			<CommonModule>PAPI_ОбщегоНазначенияКлиент</CommonModule>
			<CommonModule>PAPI_ОбщегоНазначенияКлиентСервер</CommonModule>
			<CommonModule>PAPI_ОтложенныеОперации</CommonModule>
			<CommonModule>PAPI_ПодпискиНаСобытия</CommonModule>
			<CommonModule>PAPI_РаботаСАлгоритмами</CommonModule>
			<CommonModule>PAPI_РаботаСВнешнимиОбработками</CommonModule>
			<CommonModule>PAPI_РаботаСВходящимиЗапросами</CommonModule>
			<CommonModule>PAPI_РаботаСВходящимиСообщениями</CommonModule>
			<CommonModule>PAPI_РаботаСМетодами</CommonModule>
			<CommonModule>PAPI_РаботаСОтветом</CommonModule>
			<CommonModule>PAPI_СервисыИнтеграции</CommonModule>
			<CommonModule>PAPI_СлужебныеДляОбмена</CommonModule>
			<CommonModule>PAPI_ФайловаяСистемаКлиентАсинх</CommonModule>
			<HTTPService>PAPI</HTTPService>
			<HTTPService>PAPI_lower</HTTPService>
			<EventSubscription>PAPI_ОбработкаПослеЗаписиВерсийИсторииДанных</EventSubscription>
			<EventSubscription>PAPI_ОбработкаПроведения_Документы</EventSubscription>
			<EventSubscription>PAPI_ОбработкаПроверкиЗаполнения</EventSubscription>
			<EventSubscription>PAPI_ОбработкаУдаленияПроведения_Документы</EventSubscription>
			<EventSubscription>PAPI_ОбработкаФормированияПоВерсииИсторииДанных_Объекты</EventSubscription>
			<EventSubscription>PAPI_ОбработкаФормированияПоВерсииИсторииДанных_РегистрСведений</EventSubscription>
			<EventSubscription>PAPI_ПередЗаписью_Документы</EventSubscription>
			<EventSubscription>PAPI_ПередЗаписью_ОбъектыБезДокументов</EventSubscription>
			<EventSubscription>PAPI_ПередЗаписью_РегистрРасчетаНаборЗаписей</EventSubscription>
			<EventSubscription>PAPI_ПередЗаписью_Регистры</EventSubscription>
			<EventSubscription>PAPI_ПередУдалением_Объекты</EventSubscription>
			<EventSubscription>PAPI_ПриЗаписи_Объекты</EventSubscription>
			<EventSubscription>PAPI_ПриЗаписи_РегистрРасчетаНаборЗаписей</EventSubscription>
			<EventSubscription>PAPI_ПриЗаписи_Регистры</EventSubscription>
			<EventSubscription>PAPI_ПриКопировании_Объекты</EventSubscription>
			<ScheduledJob>PAPI_ВыполнитьОбработкуОчередиДействийСДокументами</ScheduledJob>
			<ScheduledJob>PAPI_ИсторияДанныхВыполнитьОбработкуПослеЗаписиВерсий</ScheduledJob>
			<ScheduledJob>PAPI_ИсторияДанныхОбновитьИсторию</ScheduledJob>
			<ScheduledJob>PAPI_ИсторияДанныхУдалитьВерсии</ScheduledJob>
			<ScheduledJob>PAPI_СервисыИнтеграцииВыполнитьОбработку</ScheduledJob>
			<ScheduledJob>PAPI_УдалениеСтарыхДанных</ScheduledJob>
			<FunctionalOption>PAPI_ОбменыСервисовИнтеграцииВключены</FunctionalOption>
			<FunctionalOption>PAPI_ЛогированиеВходящихСообщенийСервисаИнтеграции</FunctionalOption>
			<CommonCommand>PAPI_Настройки</CommonCommand>
			<Constant>PAPI_ДатаЗапретаОбменаДокументов</Constant>
			<Constant>PAPI_Источник</Constant>
			<Constant>PAPI_КоличествоПопытокОчередиДокументов</Constant>
			<Constant>PAPI_ЛогированиеВходящихСообщенийСервисаИнтеграции</Constant>
			<Constant>PAPI_НастройкаХраненияДанных</Constant>
			<Constant>PAPI_ОбменыСервисовИнтеграцииВключены</Constant>
			<Constant>PAPI_ТекущаяВерсия</Constant>
			<Constant>PAPI_ВыполнитьОбработкуПослеЗаписиВерсий</Constant>
			<Constant>PAPI_АвтоУдалениеИзОбработкиПослеЗаписиВерсий</Constant>
			<CommonForm>PAPI_Настройки</CommonForm>
			<Catalog>PAPI_Алгоритмы</Catalog>
			<Catalog>PAPI_ВнешняяОбработка</Catalog>
			<Catalog>PAPI_КаналыИнтеграции</Catalog>
			<Catalog>PAPI_Методы</Catalog>
			<Catalog>PAPI_ПодпискиНаСобытия</Catalog>
			<Catalog>PAPI_СозданиеСообщений</Catalog>
			<Catalog>PAPI_Участники</Catalog>
			<Catalog>PAPI_ЧтениеСообщений</Catalog>
			<Catalog>PAPI_ШаблоныСообщений</Catalog>
			<Document>PAPI_ВходящийЗапрос</Document>
			<Enum>PAPI_ДействиеСДокументом</Enum>
			<Enum>PAPI_СрокиХранения</Enum>
			<Enum>PAPI_ТелоЗапроса</Enum>
			<Enum>PAPI_ТелоОтвета</Enum>
			<Enum>PAPI_ТипВыполнения</Enum>
			<Enum>PAPI_ТипЛога</Enum>
			<Enum>PAPI_ТипПодпискиНаСобытие</Enum>
			<DataProcessor>PAPI_КонсольКода</DataProcessor>
			<DataProcessor>PAPI_НастройкаСервисовИнтеграции</DataProcessor>
			<DataProcessor>PAPI_НастройкаСоставаИсторииДанных</DataProcessor>
			<DataProcessor>PAPI_ОтладкаВходящегоЗапроса</DataProcessor>
			<DataProcessor>PAPI_ОтправкаСообщенияСервисовИнтеграции</DataProcessor>
			<DataProcessor>PAPI_СообщенияСервисовИнтеграции</DataProcessor>
			<InformationRegister>PAPI_ВходящиеСообщенияСервисаИнтеграции</InformationRegister>
			<InformationRegister>PAPI_ЗапросНедостающихДанных</InformationRegister>
			<InformationRegister>PAPI_ИсполнителиПодписок</InformationRegister>
			<InformationRegister>PAPI_ЛогАлгоритмов</InformationRegister>
			<InformationRegister>PAPI_ЛогМетодов</InformationRegister>
			<InformationRegister>PAPI_НастройкиХраненияИстории</InformationRegister>
			<InformationRegister>PAPI_ОтборыПолучателей</InformationRegister>
			<InformationRegister>PAPI_ОчередьАлгоритмовДляФоновогоВыполнения</InformationRegister>
			<InformationRegister>PAPI_ОчередьДействийСДокументами</InformationRegister>
			<InformationRegister>PAPI_ОшибкиОбработкиПослеЗаписиВерсий</InformationRegister>
			<InformationRegister>PAPI_ХранилищеРезультатов</InformationRegister>
		</ChildObjects>
	</Configuration>
</MetaDataObject>