﻿<?xml version="1.0" encoding="UTF-8"?>
<ConfigDumpInfo xmlns="http://v8.1c.ru/8.3/xcf/dumpinfo" xmlns:xen="http://v8.1c.ru/8.3/xcf/enums" xmlns:xs="http://www.w3.org/2001/XMLSchema" xmlns:xsi="http://www.w3.org/2001/XMLSchema-instance" format="Hierarchical" version="2.17">
	<ConfigVersions>
		<Metadata name="Catalog.PAPI_Алгоритмы" id="395c40fa-e3da-4762-a763-778be0025d6c" configVersion="3d5890f351db4ed82f0690ae95bd75781696d3f3">
			<Metadata name="Catalog.PAPI_Алгоритмы.Attribute.ИмяАлгоритма" id="20dfd88d-b37d-4361-90d9-5f3142d7a07e"/>
			<Metadata name="Catalog.PAPI_Алгоритмы.Attribute.Разрешен" id="3adf932f-aea4-4374-8179-c8c8cc0afe3d"/>
			<Metadata name="Catalog.PAPI_Алгоритмы.Attribute.Привилегированный" id="42831313-0df0-4e7d-98e9-8e678d7167ee"/>
			<Metadata name="Catalog.PAPI_Алгоритмы.Attribute.Настройки" id="ba4ef258-7852-4fdd-84b4-11345273e90b"/>
			<Metadata name="Catalog.PAPI_Алгоритмы.Attribute.Комментарий" id="beb7e858-853c-4d34-9533-7065cbe7a368"/>
			<Metadata name="Catalog.PAPI_Алгоритмы.Attribute.Логировать" id="bfccf246-6d63-4c73-991c-422c75f18ccb"/>
		</Metadata>
		<Metadata name="Catalog.PAPI_Алгоритмы.Form.ФормаВыбора" id="30b1c70e-027b-4fd4-ba6b-29ebab454b4f" configVersion="dfd3d6718f5fca3465799cae3e00bd557951f32d"/>
		<Metadata name="Catalog.PAPI_Алгоритмы.Form.ФормаВыбора.Form" id="30b1c70e-027b-4fd4-ba6b-29ebab454b4f.0" configVersion="a150f930af70013d6e168f8baab84ea9075e3b95"/>
		<Metadata name="Catalog.PAPI_Алгоритмы.Form.ФормаГруппы" id="56d9254d-612b-4a53-97db-c202f4fa31c1" configVersion="48eb557eb16feac37a383435364e220833de8360"/>
		<Metadata name="Catalog.PAPI_Алгоритмы.Form.ФормаГруппы.Form" id="56d9254d-612b-4a53-97db-c202f4fa31c1.0" configVersion="fddf35bb1b3d2d2b240a533e568c49d5e50a0eb8"/>
		<Metadata name="Catalog.PAPI_Алгоритмы.Form.ФормаСписка" id="5cd5ac81-d6d4-409a-84b4-d62bf06d7338" configVersion="c1c60c2d5cc4d75094f3c54e3514f1b24d55596c"/>
		<Metadata name="Catalog.PAPI_Алгоритмы.Form.ФормаСписка.Form" id="5cd5ac81-d6d4-409a-84b4-d62bf06d7338.0" configVersion="277c1aec139dbc3952b92cd02a3f1319738e33c6"/>
		<Metadata name="Catalog.PAPI_Алгоритмы.Form.ФормаЭлемента" id="87e81dab-1930-497c-a96c-0c796db2817d" configVersion="466ef2d901c27b76ce52abd90360757e91bebe4a"/>
		<Metadata name="Catalog.PAPI_Алгоритмы.Form.ФормаЭлемента.Form" id="87e81dab-1930-497c-a96c-0c796db2817d.0" configVersion="6b0cf134f9f543829ddec99cddfa95337ff665b7"/>
		<Metadata name="Catalog.PAPI_Алгоритмы.Help" id="395c40fa-e3da-4762-a763-778be0025d6c.1" configVersion="2680699e6161ec5e4c1050121e6f01d7c03d9100"/>
		<Metadata name="Catalog.PAPI_Алгоритмы.ManagerModule" id="395c40fa-e3da-4762-a763-778be0025d6c.3" configVersion="bdad13cbf8ed9c39034a9b7b21d462d40f334b5c"/>
		<Metadata name="Catalog.PAPI_Алгоритмы.ObjectModule" id="395c40fa-e3da-4762-a763-778be0025d6c.0" configVersion="9718696ff4d9e3a3b369b8dacdc85a2cc7bb4c05"/>
		<Metadata name="Catalog.PAPI_ВнешняяОбработка" id="c95cc509-dd37-4fb5-a1cc-39d77540fea4" configVersion="960fa0b3297e8f9209f9ae1595bce1cc383a74f5">
			<Metadata name="Catalog.PAPI_ВнешняяОбработка.TabularSection.Команды.Attribute.Наименование" id="145bf2d3-11c4-4a12-9fb9-b55727d3ffd2"/>
			<Metadata name="Catalog.PAPI_ВнешняяОбработка.Attribute.ИмяВнешнейОбработки" id="28c78011-ab82-431c-9d38-478c22eb9412"/>
			<Metadata name="Catalog.PAPI_ВнешняяОбработка.TabularSection.Команды.Attribute.Событие" id="2db6d028-6237-4daf-84d2-570fe1ab9261"/>
			<Metadata name="Catalog.PAPI_ВнешняяОбработка.TabularSection.Команды.Attribute.Подписка" id="3d51dc5e-597c-440f-87e9-2e38c6ac90eb"/>
			<Metadata name="Catalog.PAPI_ВнешняяОбработка.Attribute.Комментарий" id="5eb85da5-7609-4f2e-9161-f2adc80efdea"/>
			<Metadata name="Catalog.PAPI_ВнешняяОбработка.TabularSection.Команды.Attribute.ТипПодписки" id="6ecd7568-884c-45bc-b5c9-44fddad2d65c"/>
			<Metadata name="Catalog.PAPI_ВнешняяОбработка.TabularSection.Команды.Attribute.ИсполняемыйТип" id="884dabde-22e7-4677-9125-71da9dab3ee0"/>
			<Metadata name="Catalog.PAPI_ВнешняяОбработка.TabularSection.Команды" id="92c4af5c-1dc3-4fc7-8737-47d34de08794"/>
			<Metadata name="Catalog.PAPI_ВнешняяОбработка.TabularSection.Команды.Attribute.Источник" id="a252f278-8ba2-4edf-a3cc-98cdbf72b64c"/>
			<Metadata name="Catalog.PAPI_ВнешняяОбработка.Attribute.ВидОбработки" id="be4cd876-3dac-4cb7-a624-8efe745152df"/>
			<Metadata name="Catalog.PAPI_ВнешняяОбработка.Attribute.ПолноеИмяФайла" id="c163c4b0-301a-4641-a5ff-cee9629e3686"/>
			<Metadata name="Catalog.PAPI_ВнешняяОбработка.Attribute.БезопасныйРежим" id="f0668821-ae0f-4a96-bb59-c8e6f2702271"/>
		</Metadata>
		<Metadata name="Catalog.PAPI_ВнешняяОбработка.Form.ФормаЭлемента" id="a887c968-dc4c-46d5-87e3-1a4b66a4f067" configVersion="f8302961c58618327d0f3296c3a009817407d185"/>
		<Metadata name="Catalog.PAPI_ВнешняяОбработка.Form.ФормаЭлемента.Form" id="a887c968-dc4c-46d5-87e3-1a4b66a4f067.0" configVersion="2062cea37d8a72d0543c63fe55736099babaf4af"/>
		<Metadata name="Catalog.PAPI_ВнешняяОбработка.ObjectModule" id="c95cc509-dd37-4fb5-a1cc-39d77540fea4.0" configVersion="8d4362e81e13e6e9b179d657aec640c4aff33b1f"/>
		<Metadata name="Catalog.PAPI_КаналыИнтеграции" id="d62683ea-89fc-40a1-b0a9-4dc35cc3cb08" configVersion="fe36025d65c8347e12353ed2a42f6f1fb5f1fc8a">
			<Metadata name="Catalog.PAPI_КаналыИнтеграции.Attribute.Сервис" id="1288a216-422f-4c48-92c5-0d6d650d092b"/>
			<Metadata name="Catalog.PAPI_КаналыИнтеграции.Attribute.Направление" id="28d29d2b-c126-43c1-8ce9-48f5e49dd1df"/>
			<Metadata name="Catalog.PAPI_КаналыИнтеграции.Attribute.Канал" id="6ac7b121-f2c2-4177-b78e-30321d72d2df"/>
			<Metadata name="Catalog.PAPI_КаналыИнтеграции.Attribute.Комментарий" id="f86c82a4-9a2a-4197-9e85-5ff7eb230190"/>
		</Metadata>
		<Metadata name="Catalog.PAPI_КаналыИнтеграции.Form.ФормаЭлемента" id="61568a97-c0e9-4106-a1d5-c42c271e0836" configVersion="7eee0b577fb6b61ad70a0f18450960b81a364311"/>
		<Metadata name="Catalog.PAPI_КаналыИнтеграции.Form.ФормаЭлемента.Form" id="61568a97-c0e9-4106-a1d5-c42c271e0836.0" configVersion="fe43086efd50bb8105d6a780a0f5a97e85b33656"/>
		<Metadata name="Catalog.PAPI_Методы" id="31709290-f63a-4aa8-a2f4-7f0bd6025c2e" configVersion="cb847a4ae86a42a9d2a63ab8d21cfe483bdf0c50">
			<Metadata name="Catalog.PAPI_Методы.Attribute.ЛогироватьЗапрос" id="0071fff9-6561-4bb3-a6f8-d7e790b111ef"/>
			<Metadata name="Catalog.PAPI_Методы.Attribute.ПроизвольныйАлгоритм" id="04326173-d615-450e-b9f3-a1125ed629bc"/>
			<Metadata name="Catalog.PAPI_Методы.Attribute.ТелоОтвета" id="0958d859-2d77-4ee2-9d91-89f0d4bbe429"/>
			<Metadata name="Catalog.PAPI_Методы.Attribute.ЛогироватьМетод" id="378021e6-f357-42cd-ac42-00d65015d0c4"/>
			<Metadata name="Catalog.PAPI_Методы.Attribute.ВерсияМетода" id="4df47f61-1010-4aaf-b17b-5729b7f94d6c"/>
			<Metadata name="Catalog.PAPI_Методы.Attribute.Настройки" id="55a8f9c4-0449-48aa-8cf0-dc465a1a8891"/>
			<Metadata name="Catalog.PAPI_Методы.Attribute.Привилегированный" id="6e426456-034f-480e-9710-a85ac98db40d"/>
			<Metadata name="Catalog.PAPI_Методы.Attribute.Стандартный" id="7e46847a-2a4b-4f25-8798-ff12845f52e4"/>
			<Metadata name="Catalog.PAPI_Методы.TabularSection.ЗаголовкиОтвета" id="910ebde5-88a2-406a-9344-61ddd9447936"/>
			<Metadata name="Catalog.PAPI_Методы.Attribute.ТелоЗапроса" id="b0612b41-cee6-4975-a9e5-44b110969b04"/>
			<Metadata name="Catalog.PAPI_Методы.Attribute.Комментарий" id="b4ae6fe5-2fd8-4748-a4b3-a296c2550685"/>
			<Metadata name="Catalog.PAPI_Методы.Attribute.Разрешен" id="c0832b47-6d12-4320-8c58-bfca0e241664"/>
			<Metadata name="Catalog.PAPI_Методы.TabularSection.ЗаголовкиОтвета.Attribute.Значение" id="c10f0e2c-a9d2-4c37-a33c-f5eccf4fc26a"/>
			<Metadata name="Catalog.PAPI_Методы.TabularSection.ЗаголовкиОтвета.Attribute.Заголовок" id="c594cc06-212f-4857-ae31-042693e9130e"/>
			<Metadata name="Catalog.PAPI_Методы.TabularSection.HTTPМетоды" id="cc48daa2-8ff2-4b12-bff3-777676ccfce7"/>
			<Metadata name="Catalog.PAPI_Методы.Attribute.ИмяМетода" id="d52685d8-ccad-426e-b0bb-48dd6a1e7c21"/>
			<Metadata name="Catalog.PAPI_Методы.TabularSection.HTTPМетоды.Attribute.HTTPМетод" id="eab5967a-37dc-4380-bff2-627ee70a97fd"/>
			<Metadata name="Catalog.PAPI_Методы.Attribute.Алгоритм" id="efe63b01-d678-4593-be0e-f15974f661ca"/>
		</Metadata>
		<Metadata name="Catalog.PAPI_Методы.Form.ФормаВыбора" id="f74f73db-2896-4403-ad7b-99c9e0bb895c" configVersion="1f7f1e1e4e32415a1be59a0ebd75136673ce1488"/>
		<Metadata name="Catalog.PAPI_Методы.Form.ФормаВыбора.Form" id="f74f73db-2896-4403-ad7b-99c9e0bb895c.0" configVersion="f56b50c7c171b21f1a94a07676e798e8be42c4f0"/>
		<Metadata name="Catalog.PAPI_Методы.Form.ФормаГруппы" id="2cc2c7f6-281c-4547-ae3e-1edb88bcca34" configVersion="bc2d5aab9606fb05a59f3283b6297d4c6bacaa9a"/>
		<Metadata name="Catalog.PAPI_Методы.Form.ФормаГруппы.Form" id="2cc2c7f6-281c-4547-ae3e-1edb88bcca34.0" configVersion="c01e0c65f3dae5fa9ba61de7237ba710ef711892"/>
		<Metadata name="Catalog.PAPI_Методы.Form.ФормаСписка" id="11be9e43-d451-4c0e-85d8-0e8c8ac6542e" configVersion="460ef81f3e084a91a31c1c124322b6b3138bbfc0"/>
		<Metadata name="Catalog.PAPI_Методы.Form.ФормаСписка.Form" id="11be9e43-d451-4c0e-85d8-0e8c8ac6542e.0" configVersion="df7b33148464221ce0c08fe17ae9fe8b1189d33d"/>
		<Metadata name="Catalog.PAPI_Методы.Form.ФормаЭлемента" id="6d436dea-1125-49ec-ad36-0a07de880d5a" configVersion="853b9c61295b1c25e728b6d1a3a5051bc2c83b0e"/>
		<Metadata name="Catalog.PAPI_Методы.Form.ФормаЭлемента.Form" id="6d436dea-1125-49ec-ad36-0a07de880d5a.0" configVersion="e8838b58779bce9867a105b742f308b9ddace900"/>
		<Metadata name="Catalog.PAPI_Методы.Help" id="31709290-f63a-4aa8-a2f4-7f0bd6025c2e.1" configVersion="b2aec0ce8061e715a710934deff99b4b3479c2dd"/>
		<Metadata name="Catalog.PAPI_Методы.ManagerModule" id="31709290-f63a-4aa8-a2f4-7f0bd6025c2e.3" configVersion="12209f22601e50ef7d6b575aedbddf3b9d256ec2"/>
		<Metadata name="Catalog.PAPI_Методы.ObjectModule" id="31709290-f63a-4aa8-a2f4-7f0bd6025c2e.0" configVersion="3c96f53573d044a07fe6feb9258b43de3066a4f8"/>
		<Metadata name="Catalog.PAPI_ПодпискиНаСобытия" id="7e5d9487-a5c1-4f21-9660-278ee2654bf4" configVersion="bf50b95da4c2af4d08d9a2ae16f31c29d3c070b2">
			<Metadata name="Catalog.PAPI_ПодпискиНаСобытия.Attribute.Приоритет" id="0b0f4332-fdda-4ea2-b310-792e19701b09"/>
			<Metadata name="Catalog.PAPI_ПодпискиНаСобытия.Attribute.ТипВыполнения" id="1512adda-6416-4535-a78d-7341af867b3d"/>
			<Metadata name="Catalog.PAPI_ПодпискиНаСобытия.TabularSection.Источники.Attribute.РодительИсточника" id="1df63471-8262-4d0e-8dd8-ebae6045ddd8"/>
			<Metadata name="Catalog.PAPI_ПодпискиНаСобытия.Attribute.Комментарий" id="3150fcc9-d89c-4fab-bb99-9146f2ad5d84"/>
			<Metadata name="Catalog.PAPI_ПодпискиНаСобытия.Attribute.Событие" id="4b88e030-6bf5-4596-be3d-994a284e3d94"/>
			<Metadata name="Catalog.PAPI_ПодпискиНаСобытия.Attribute.Настройки" id="6289f97a-03ac-4747-95d1-738eaa8bb6a5"/>
			<Metadata name="Catalog.PAPI_ПодпискиНаСобытия.TabularSection.Источники" id="80f17d4b-7679-4264-b55d-fa0d37cfa592"/>
			<Metadata name="Catalog.PAPI_ПодпискиНаСобытия.Attribute.Разрешен" id="a00a7dcc-d818-439a-aaa7-007c77ce6dd0"/>
			<Metadata name="Catalog.PAPI_ПодпискиНаСобытия.Attribute.ВыполнятьВРежимеЗагрузкиДанных" id="abed47a2-576f-4b2e-a084-caa81f80245c"/>
			<Metadata name="Catalog.PAPI_ПодпискиНаСобытия.TabularSection.Источники.Attribute.Подписка" id="ce9f4856-f04f-4cc7-844b-b3a93df5df53"/>
			<Metadata name="Catalog.PAPI_ПодпискиНаСобытия.Attribute.ВнешняяОбработка" id="e18aa688-e7eb-4e4a-b097-ad43d3e9633f"/>
			<Metadata name="Catalog.PAPI_ПодпискиНаСобытия.Attribute.Алгоритм" id="ec51e053-a85e-4f7a-8670-5742c69b3778"/>
			<Metadata name="Catalog.PAPI_ПодпискиНаСобытия.TabularSection.Источники.Attribute.Источник" id="f487c488-8f1a-47e6-adf7-cb445f5fb167"/>
		</Metadata>
		<Metadata name="Catalog.PAPI_ПодпискиНаСобытия.Form.ВыборИсточников" id="61a5db43-dd9e-4630-9161-31e86fd4b01d" configVersion="b1d4b8b937d5f8fb4f5dfc33503a1c449e918257"/>
		<Metadata name="Catalog.PAPI_ПодпискиНаСобытия.Form.ВыборИсточников.Form" id="61a5db43-dd9e-4630-9161-31e86fd4b01d.0" configVersion="dd057e5fbfdf184df029000a417ed989f1b24548"/>
		<Metadata name="Catalog.PAPI_ПодпискиНаСобытия.Form.ФормаСписка" id="1ae9cfb5-70f6-4712-9f37-d1ebb66fd2bc" configVersion="9863393ca78c1dd1a51197e9940504820921f674"/>
		<Metadata name="Catalog.PAPI_ПодпискиНаСобытия.Form.ФормаСписка.Form" id="1ae9cfb5-70f6-4712-9f37-d1ebb66fd2bc.0" configVersion="161f01e4ff6acbadcff7a48e4cd2ef84ee90584b"/>
		<Metadata name="Catalog.PAPI_ПодпискиНаСобытия.Form.ФормаЭлемента" id="41363a0d-5591-407e-bb8a-be7a3fa92f76" configVersion="08139364753eda0a7c1abd72bbfee4504075d47c"/>
		<Metadata name="Catalog.PAPI_ПодпискиНаСобытия.Form.ФормаЭлемента.Form" id="41363a0d-5591-407e-bb8a-be7a3fa92f76.0" configVersion="131fd2b78988052e94aae00a7e77b39e71a3b7a6"/>
		<Metadata name="Catalog.PAPI_ПодпискиНаСобытия.ObjectModule" id="7e5d9487-a5c1-4f21-9660-278ee2654bf4.0" configVersion="d38b1cdedc10c3f95d282b0f9a8cdae845805764"/>
		<Metadata name="Catalog.PAPI_ПодпискиНаСобытия.Template.СхемаПодписок" id="d0a45925-7550-4843-810f-e81cd92fa5c9" configVersion="9ad278f2087d87a976010091e3d6fa2bd1cf74ea"/>
		<Metadata name="Catalog.PAPI_ПодпискиНаСобытия.Template.СхемаПодписок.Template" id="d0a45925-7550-4843-810f-e81cd92fa5c9.0" configVersion="f176c4cd26dfefbda98aadee097a631e44f8f343"/>
		<Metadata name="Catalog.PAPI_СозданиеСообщений" id="759ea222-f8ac-452c-af9f-1e2ccdb0c2c6" configVersion="031dedfcc2ff53614d9d1a915dd59e56d6aa3dcf">
			<Metadata name="Catalog.PAPI_СозданиеСообщений.Attribute.ИспользоватьОтборы" id="13ddac78-a28e-4793-8b43-a2fadad66816"/>
			<Metadata name="Catalog.PAPI_СозданиеСообщений.TabularSection.РеквизитыОтбора" id="43a6cdee-b0bc-41e3-a977-225f444f7ad8"/>
			<Metadata name="Catalog.PAPI_СозданиеСообщений.TabularSection.КаналыОтправки" id="5dbb4e0f-2f9f-49b5-9d80-39723b174cd8"/>
			<Metadata name="Catalog.PAPI_СозданиеСообщений.TabularSection.КаналыОтправки.Attribute.КаналИнтеграции" id="9646565b-b6b2-47f7-bf5c-21a29489b180"/>
			<Metadata name="Catalog.PAPI_СозданиеСообщений.TabularSection.РеквизитыОтбора.Attribute.Реквизит" id="c14483b6-7f15-4e1d-b90a-48544496fc12"/>
		</Metadata>
		<Metadata name="Catalog.PAPI_Участники" id="554b93cb-9f10-4da3-99f7-2e3959d4ff60" configVersion="829c7d01f4111e5559378abb6d79006ee1a8a8a4">
			<Metadata name="Catalog.PAPI_Участники.Attribute.Настройки" id="4d07c0c2-4e32-47d3-babb-1ac5d1509d45"/>
			<Metadata name="Catalog.PAPI_Участники.Attribute.Комментарий" id="f252beb1-08e7-4a19-877c-83c5a930c215"/>
		</Metadata>
		<Metadata name="Catalog.PAPI_Участники.Form.ФормаЭлемента" id="8cca88fc-7677-4cf7-9cdb-182c60feb76d" configVersion="0abdd02bc10b954bfe0debd5e2c333e6080288ae"/>
		<Metadata name="Catalog.PAPI_Участники.Form.ФормаЭлемента.Form" id="8cca88fc-7677-4cf7-9cdb-182c60feb76d.0" configVersion="c6eac960c2e82b0a71bf95a0c4fbfb990fac3268"/>
		<Metadata name="Catalog.PAPI_Участники.ManagerModule" id="554b93cb-9f10-4da3-99f7-2e3959d4ff60.3" configVersion="435d6a3019627882705d41d40e13f47afdd1b797"/>
		<Metadata name="Catalog.PAPI_Участники.ObjectModule" id="554b93cb-9f10-4da3-99f7-2e3959d4ff60.0" configVersion="6d2309da02849bb11d36a99629e8ae9039634f21"/>
		<Metadata name="Catalog.PAPI_ЧтениеСообщений" id="56876f9d-4b3a-4fb7-b5ae-8be150519eee" configVersion="ad40529d07e8f335fbee458d40afd9be3e2a309c">
			<Metadata name="Catalog.PAPI_ЧтениеСообщений.Attribute.Алгоритм" id="05e904e6-92d5-40ec-9634-d3dca57aff66"/>
			<Metadata name="Catalog.PAPI_ЧтениеСообщений.Attribute.КаналОтвета" id="377042df-2aa4-4729-ac13-81e08cdac72b"/>
			<Metadata name="Catalog.PAPI_ЧтениеСообщений.Attribute.Отправитель" id="39882162-6511-4376-a8b8-9903b7a9e2d7"/>
			<Metadata name="Catalog.PAPI_ЧтениеСообщений.Attribute.Настройки" id="419380a6-4015-4c0e-a594-1067a1b3da59"/>
			<Metadata name="Catalog.PAPI_ЧтениеСообщений.Attribute.Комментарий" id="4916b684-4111-4858-be73-7a9535185800"/>
			<Metadata name="Catalog.PAPI_ЧтениеСообщений.Attribute.ТипВыполнения" id="9872bf6b-f653-46aa-aa83-f78fc3bb134a"/>
			<Metadata name="Catalog.PAPI_ЧтениеСообщений.Attribute.Разрешен" id="a375c2a3-6c77-43c2-a76a-ea24fc0fbbc8"/>
			<Metadata name="Catalog.PAPI_ЧтениеСообщений.Attribute.ТипСообщения" id="e8c7cf08-8d2b-4d2b-90ff-3db2a7f7f700"/>
		</Metadata>
		<Metadata name="Catalog.PAPI_ЧтениеСообщений.Form.ФормаЭлемента" id="1cad798a-483b-4032-bbf7-af4a3b54fb30" configVersion="9a9309125e7c798da0836993bfaccb8b9529c68b"/>
		<Metadata name="Catalog.PAPI_ЧтениеСообщений.Form.ФормаЭлемента.Form" id="1cad798a-483b-4032-bbf7-af4a3b54fb30.0" configVersion="754cc3a30d5a53e47048910e3f4bfc4b3bc10630"/>
		<Metadata name="Catalog.PAPI_ЧтениеСообщений.ManagerModule" id="56876f9d-4b3a-4fb7-b5ae-8be150519eee.3" configVersion="1f12f5ef238efae58c20869604996a5d3ed35758"/>
		<Metadata name="Catalog.PAPI_ЧтениеСообщений.ObjectModule" id="56876f9d-4b3a-4fb7-b5ae-8be150519eee.0" configVersion="0895a23b89a34cd2f267f6fa625f21b6fda1aeb7"/>
		<Metadata name="Catalog.PAPI_ШаблоныСообщений" id="5b91e516-3e20-4ac2-9062-0734b537af1a" configVersion="a062ec0e88a81bdedc5b946f1d0fb7e91d11e5af">
			<Metadata name="Catalog.PAPI_ШаблоныСообщений.Attribute.ТекстСообщения" id="6575820a-b080-4a16-bae9-216c000482ed"/>
			<Metadata name="Catalog.PAPI_ШаблоныСообщений.Attribute.Стандартный" id="a116db40-2c30-4d41-b379-ca46dd304871"/>
			<Metadata name="Catalog.PAPI_ШаблоныСообщений.Attribute.КодСостояния" id="ea41ddd1-6bb5-471e-b209-c55ce5a2f2e1"/>
		</Metadata>
		<Metadata name="Catalog.PAPI_ШаблоныСообщений.Form.ФормаСписка" id="559c2652-c72a-4a9f-986c-2b1815f2ffdb" configVersion="4f716e6ef6bbc5bc2d641ed406882a6bd3ed0368"/>
		<Metadata name="Catalog.PAPI_ШаблоныСообщений.Form.ФормаСписка.Form" id="559c2652-c72a-4a9f-986c-2b1815f2ffdb.0" configVersion="25e682bb8fe251665ab3e40e6f44e008c43f7fc6"/>
		<Metadata name="Catalog.PAPI_ШаблоныСообщений.Form.ФормаЭлемента" id="d00dd79e-2420-41d0-b6b0-9096e8c7b8a8" configVersion="c28ab07abeefdf1c83388ee94cc3f960adaab96f"/>
		<Metadata name="Catalog.PAPI_ШаблоныСообщений.Form.ФормаЭлемента.Form" id="d00dd79e-2420-41d0-b6b0-9096e8c7b8a8.0" configVersion="ff2aa3eeb39a38953ce293a4aad26938fc2ea678"/>
		<Metadata name="Catalog.PAPI_ШаблоныСообщений.Help" id="5b91e516-3e20-4ac2-9062-0734b537af1a.1" configVersion="ce28b76577d887b021bdaa39d7d694f89fca0b7d"/>
		<Metadata name="Catalog.PAPI_ШаблоныСообщений.ManagerModule" id="5b91e516-3e20-4ac2-9062-0734b537af1a.3" configVersion="79f82f3531890112286dd22da1f5a66bdd94f2ad"/>
		<Metadata name="Catalog.PAPI_ШаблоныСообщений.ObjectModule" id="5b91e516-3e20-4ac2-9062-0734b537af1a.0" configVersion="f5495d39858f8388807136f75ea5b49102944bde"/>
		<Metadata name="Catalog.PAPI_ШаблоныСообщений.Template.СтандартныеСообщения" id="81c7f87a-ccf8-4de2-845c-88efadc6c62d" configVersion="c7b847399a3a0356c47ac96df639552231a276f3"/>
		<Metadata name="Catalog.PAPI_ШаблоныСообщений.Template.СтандартныеСообщения.Template" id="81c7f87a-ccf8-4de2-845c-88efadc6c62d.0" configVersion="838aabc99ae9511ff55b7d19f13edec1a41b3016"/>
		<Metadata name="CommonCommand.PAPI_Настройки" id="e01d5544-5e7c-4c01-9bc1-4e4a1d007e6c" configVersion="c5b4dc5de3a6d0b6e77a13a66d387a6c5a67dbfd"/>
		<Metadata name="CommonCommand.PAPI_Настройки.CommandModule" id="e01d5544-5e7c-4c01-9bc1-4e4a1d007e6c.2" configVersion="0aa76b0ad8fd3d188aa7b97004b3b97254bcedf0"/>
		<Metadata name="CommonForm.PAPI_Настройки" id="e43ff347-3c32-496d-96ba-1f68ddb1f486" configVersion="3cd3ae46a9cc24da6ceebf31352c2ffd76479226"/>
		<Metadata name="CommonForm.PAPI_Настройки.Form" id="e43ff347-3c32-496d-96ba-1f68ddb1f486.0" configVersion="af1b47d8cfc65a6dbac87a93e47ada8291434c7f"/>
		<Metadata name="CommonModule.PAPI" id="c78af1c9-5854-46f2-9cbc-67bb0678f843" configVersion="47fa29ddb656f39cb9824df3c4137631ff930c9c"/>
		<Metadata name="CommonModule.PAPI.Module" id="c78af1c9-5854-46f2-9cbc-67bb0678f843.0" configVersion="dd27152361f171dd5c8129608fd1a317df8304cf"/>
		<Metadata name="CommonModule.PAPI_АсинхронныеОперации" id="22e9e2c6-9ddd-4a14-9a88-25bbc4e0f2e5" configVersion="4243f99efcf5c9ffb7a81be547ddce947b8f2464"/>
		<Metadata name="CommonModule.PAPI_АсинхронныеОперации.Module" id="22e9e2c6-9ddd-4a14-9a88-25bbc4e0f2e5.0" configVersion="8dcb17fa6e2f823f6a01e561342006a750cd7783"/>
		<Metadata name="CommonModule.PAPI_ДанныеДляЗаполненияНастроек" id="ff14d19c-2878-45d4-b9d9-7266069926ee" configVersion="c718d2a1714bf76006daa7632ca49c60c24d1e6f"/>
		<Metadata name="CommonModule.PAPI_ДанныеДляЗаполненияНастроек.Module" id="ff14d19c-2878-45d4-b9d9-7266069926ee.0" configVersion="a37d004729d3ed51c63602e6d88f76c12d5fc164"/>
		<Metadata name="CommonModule.PAPI_ИсторияДанных" id="9f385438-a7d9-4402-b182-c08803a22a4d" configVersion="ef40cb95f8bce21ba92a648deafec356a54d3240"/>
		<Metadata name="CommonModule.PAPI_ИсторияДанных.Module" id="9f385438-a7d9-4402-b182-c08803a22a4d.0" configVersion="5897a1a78ce95d839823598b10c0241109d24861"/>
		<Metadata name="CommonModule.PAPI_КонсольКода" id="0deb5c2d-1824-44dd-9fcc-e2b8bd7f40f6" configVersion="d5e339597ea98fbc56e9b521985e8567e58b5f2e"/>
		<Metadata name="CommonModule.PAPI_КонсольКода.Module" id="0deb5c2d-1824-44dd-9fcc-e2b8bd7f40f6.0" configVersion="8d86318b5adde483befe98d6ce3730ad60cd1f21"/>
		<Metadata name="CommonModule.PAPI_КонсольКодаВызовСервера" id="4b638d9b-10f0-49ad-8748-987024382d59" configVersion="1a959f68336480e2e624a449ea6951bbe4d7b351"/>
		<Metadata name="CommonModule.PAPI_КонсольКодаВызовСервера.Module" id="4b638d9b-10f0-49ad-8748-987024382d59.0" configVersion="85af07c6632545991e59807d8b0baf2c50cf1d87"/>
		<Metadata name="CommonModule.PAPI_КонсольКодаКлиент" id="8b65162c-81c0-4da6-a871-0b8df00fa27c" configVersion="4728f3d41e6f81825d152b313447d6aeece3437c"/>
		<Metadata name="CommonModule.PAPI_КонсольКодаКлиент.Module" id="8b65162c-81c0-4da6-a871-0b8df00fa27c.0" configVersion="24915b9c2d7db3f9f6b725e59c93474dd7fb2d81"/>
		<Metadata name="CommonModule.PAPI_КонсольКодаКлиентСервер" id="92526d25-47f9-4187-8144-63b475c9cfe2" configVersion="165088ad9a9975859bdfad98c1aba8b1c73c80c7"/>
		<Metadata name="CommonModule.PAPI_КонсольКодаКлиентСервер.Module" id="92526d25-47f9-4187-8144-63b475c9cfe2.0" configVersion="2b9ccfa92f6cad35e795c7c8cdf48e77517ca8ca"/>
		<Metadata name="CommonModule.PAPI_Логирование" id="0a933b23-d1ff-4c7d-a6c4-360758be41a9" configVersion="553b19df2628b5ee08cdc0238ba660749a4b0b72"/>
		<Metadata name="CommonModule.PAPI_Логирование.Module" id="0a933b23-d1ff-4c7d-a6c4-360758be41a9.0" configVersion="7169999adbea39c6f5089e37c5b3cf6730a06848"/>
		<Metadata name="CommonModule.PAPI_ОбщегоНазначенияВызовСервера" id="a8b413e8-18ee-4993-b6cd-936b0c509967" configVersion="d2db065e82491a3c49483f7ceceeea9a6cde9c18"/>
		<Metadata name="CommonModule.PAPI_ОбщегоНазначенияВызовСервера.Module" id="a8b413e8-18ee-4993-b6cd-936b0c509967.0" configVersion="2f4b0967d8596b51dea8b841e43cc1ff42ebfc9a"/>
		<Metadata name="CommonModule.PAPI_ОбщегоНазначенияГлобальный" id="edbd7afe-6b43-4b80-b67f-5b3043df1cb2" configVersion="8b77fd63ef7fe00b50202e27c6e35383730335c9"/>
		<Metadata name="CommonModule.PAPI_ОбщегоНазначенияГлобальный.Module" id="edbd7afe-6b43-4b80-b67f-5b3043df1cb2.0" configVersion="b6d7f2362afc626f650c21db0526be994667bb9f"/>
		<Metadata name="CommonModule.PAPI_ОбщегоНазначенияКлиент" id="1f3cc6a7-a5cf-4d5c-8c4e-d174d38acfe6" configVersion="dfb90ece39d6be155506e6960af7e1f9820fc5a7"/>
		<Metadata name="CommonModule.PAPI_ОбщегоНазначенияКлиент.Module" id="1f3cc6a7-a5cf-4d5c-8c4e-d174d38acfe6.0" configVersion="783e4d40878db35727420d252e8d9a192887637d"/>
		<Metadata name="CommonModule.PAPI_ОбщегоНазначенияКлиентСервер" id="c79a1dca-65c3-4140-8579-3e71200f1545" configVersion="55fdb50aa29b60f91a4f9dff821ac66682621420"/>
		<Metadata name="CommonModule.PAPI_ОбщегоНазначенияКлиентСервер.Module" id="c79a1dca-65c3-4140-8579-3e71200f1545.0" configVersion="d010747afbd3a7b66c1a85d3deb20d62d5c3e097"/>
		<Metadata name="CommonModule.PAPI_ОтложенныеОперации" id="d3bc3137-9c18-4c0c-b30e-5ac69d2f9372" configVersion="677b992d7ad9d43e9d1059ee9279ac1e41bdf01c"/>
		<Metadata name="CommonModule.PAPI_ОтложенныеОперации.Module" id="d3bc3137-9c18-4c0c-b30e-5ac69d2f9372.0" configVersion="df630e6fe42881de6ee658fd66c44a41669c4c14"/>
		<Metadata name="CommonModule.PAPI_ПодпискиНаСобытия" id="bb77b41d-521e-47f6-ad0a-92cfdaadf78f" configVersion="0fa99aeb5ce7c161a633546baa6782d1c7ba3d4e"/>
		<Metadata name="CommonModule.PAPI_ПодпискиНаСобытия.Module" id="bb77b41d-521e-47f6-ad0a-92cfdaadf78f.0" configVersion="52fd382af2f645b13703829b49a117aacd2e4703"/>
		<Metadata name="CommonModule.PAPI_РаботаСАлгоритмами" id="d0401687-ef48-4fa7-b5cf-fe1058b639c5" configVersion="e4088d988b5efc05dbbaa89f9c698680ddd12072"/>
		<Metadata name="CommonModule.PAPI_РаботаСАлгоритмами.Module" id="d0401687-ef48-4fa7-b5cf-fe1058b639c5.0" configVersion="80ec9a05836b4672f82f11a85a042d7aebd2d50c"/>
		<Metadata name="CommonModule.PAPI_РаботаСВнешнимиОбработками" id="f122824e-7285-4426-90a2-31ca840f9576" configVersion="389f95082f5e93cabc27e7b99cc07ecd4afed1dc"/>
		<Metadata name="CommonModule.PAPI_РаботаСВнешнимиОбработками.Module" id="f122824e-7285-4426-90a2-31ca840f9576.0" configVersion="7f0bf140131da7ad22eaa4662990a36a9ddeb0ec"/>
		<Metadata name="CommonModule.PAPI_РаботаСВходящимиЗапросами" id="8d67c0f3-2ddc-42a6-a1ea-c8172f5bcf15" configVersion="2f04de9663717edb6ecda3d2029f4dcac61af1be"/>
		<Metadata name="CommonModule.PAPI_РаботаСВходящимиЗапросами.Module" id="8d67c0f3-2ddc-42a6-a1ea-c8172f5bcf15.0" configVersion="73d30f0745d10779308d51699406661c4697d039"/>
		<Metadata name="CommonModule.PAPI_РаботаСВходящимиСообщениями" id="abc0dca0-6516-4391-8d1a-c000fd7b2e2e" configVersion="6b38a0581de248dc37ee32545a5d11adad4f16dc"/>
		<Metadata name="CommonModule.PAPI_РаботаСВходящимиСообщениями.Module" id="abc0dca0-6516-4391-8d1a-c000fd7b2e2e.0" configVersion="7f68cf3cf702f5f2f9003909c9ecabfcfa8697b5"/>
		<Metadata name="CommonModule.PAPI_РаботаСМетодами" id="48136b4a-ad26-481c-8c6f-782dac64c8df" configVersion="4ef4512fd6ca3b055c4d456ed7af873b5884dffa"/>
		<Metadata name="CommonModule.PAPI_РаботаСМетодами.Module" id="48136b4a-ad26-481c-8c6f-782dac64c8df.0" configVersion="c8f62a1b4017eab1387e5c19f5ecdb1ff2a703a2"/>
		<Metadata name="CommonModule.PAPI_РаботаСОтветом" id="b00e7573-c79a-4499-b011-82e9166b3923" configVersion="4cabe7648ddb9aebeaa1e1b6bce2f5cbae17b2ad"/>
		<Metadata name="CommonModule.PAPI_РаботаСОтветом.Module" id="b00e7573-c79a-4499-b011-82e9166b3923.0" configVersion="6bdbd9563103267974070216e79b1796289b2d71"/>
		<Metadata name="CommonModule.PAPI_СервисыИнтеграции" id="513d4ef9-0ebb-485c-ba7d-cbb00494d83e" configVersion="adac3263ee43a96146db32cada4ce62214f8f7dd"/>
		<Metadata name="CommonModule.PAPI_СервисыИнтеграции.Module" id="513d4ef9-0ebb-485c-ba7d-cbb00494d83e.0" configVersion="04fb27a4b6ab1e11e51812737b19301ff55fc9fe"/>
		<Metadata name="CommonModule.PAPI_СлужебныеДляОбмена" id="67f68714-8b1b-48f8-b2b3-4479dcb04d5d" configVersion="8a25bafd90e972d5b7b9ddde74c8aea0c4c8cb99"/>
		<Metadata name="CommonModule.PAPI_СлужебныеДляОбмена.Module" id="67f68714-8b1b-48f8-b2b3-4479dcb04d5d.0" configVersion="c0edba0f7cc5c940ca6107b963b15a0079cd8855"/>
		<Metadata name="CommonModule.PAPI_ФайловаяСистемаКлиентАсинх" id="6bf5d0eb-4701-4caf-820b-b83fc9dd1c23" configVersion="8e15179558d48c81fcf8e81dd779e9defbdd47ed"/>
		<Metadata name="CommonModule.PAPI_ФайловаяСистемаКлиентАсинх.Module" id="6bf5d0eb-4701-4caf-820b-b83fc9dd1c23.0" configVersion="00439432b39037913d15f6cd1e4babc9383f3c33"/>
		<Metadata name="CommonPicture.PAPI" id="7b333bf5-8047-4f85-8968-48e3326a1b21" configVersion="03905098355cd28e9de4800821b4baa509f94bd4"/>
		<Metadata name="CommonPicture.PAPI.Picture" id="7b333bf5-8047-4f85-8968-48e3326a1b21.0" configVersion="23e47738244b19474e42ca538af5fcf3ad96ebc4"/>
		<Metadata name="CommonPicture.PAPI_Команды" id="ae4e28c0-af4c-4daa-a744-43cbeb765fce" configVersion="375bc9733bce3264acacdaa705e0d72c09cb7443"/>
		<Metadata name="CommonPicture.PAPI_Команды.Picture" id="ae4e28c0-af4c-4daa-a744-43cbeb765fce.0" configVersion="c4b38c1a1a46d37fd60605c273ec33cf4f771696"/>
		<Metadata name="CommonPicture.PAPI_Метаданные" id="252e521f-f2ad-4e7c-8eff-34755da6099f" configVersion="f869162a7c81be0fcfdf975a3992ea202c6795c9"/>
		<Metadata name="CommonPicture.PAPI_Метаданные.Picture" id="252e521f-f2ad-4e7c-8eff-34755da6099f.0" configVersion="8f35b1adc1dadcd09c4beafd083a0cfda5b50a3f"/>
		<Metadata name="CommonPicture.PAPI_Подписки" id="3b745028-ce65-4f06-aed3-08a6ecd47f58" configVersion="0e263525a0aa279d6735a06f58a22ab777a0c7a7"/>
		<Metadata name="CommonPicture.PAPI_Подписки.Picture" id="3b745028-ce65-4f06-aed3-08a6ecd47f58.0" configVersion="f605379d7dc02c6ce95b95c5d3164e17df326c0d"/>
		<Metadata name="CommonPicture.PAPI_ПробелыИТабуляция" id="e7e27c2b-3e6a-4caa-9d79-02c48571f09b" configVersion="c6cf62abad450bb8cc33658b7630a2d3884a9e78"/>
		<Metadata name="CommonPicture.PAPI_ПробелыИТабуляция.Picture" id="e7e27c2b-3e6a-4caa-9d79-02c48571f09b.0" configVersion="aa9dcc9e3471a729c1862a784abe5e619d3d7997"/>
		<Metadata name="CommonPicture.PAPI_РежимСравнения" id="757cfc29-925e-4866-a490-1f1a6e4dcb3e" configVersion="588ac8ed039c686a9b13f89b7649612774f20778"/>
		<Metadata name="CommonPicture.PAPI_РежимСравнения.Picture" id="757cfc29-925e-4866-a490-1f1a6e4dcb3e.0" configVersion="f29fe687dc4d57d2a477b3d70ccca1a1096d2b2b"/>
		<Metadata name="CommonPicture.PAPI_Часы" id="bf47fdfa-4bff-4502-9b6b-4b5f199a3b17" configVersion="3154513ae08466e115e98d7f25c850ac08e1abb7"/>
		<Metadata name="CommonPicture.PAPI_Часы.Picture" id="bf47fdfa-4bff-4502-9b6b-4b5f199a3b17.0" configVersion="eff56c3736cd64d031d56c2fa3e29211411409aa"/>
		<Metadata name="Configuration.ПодсистемаPAPI" id="ec7c6be7-4920-42d3-8618-f3ecb14699c6" configVersion="ab9063cba46aec7c56dc01b9790e2fe4b86e4fe3"/>
		<Metadata name="Configuration.ПодсистемаPAPI.ManagedApplicationModule" id="6b384235-7271-4633-9b8b-3b2d33a488ec.6" configVersion="bb608284e0e81f10996695aa0ab65a5e76653990"/>
		<Metadata name="Constant.PAPI_АвтоУдалениеИзОбработкиПослеЗаписиВерсий" id="cdccb208-7290-4d05-a7df-daf19de0c604" configVersion="64e28a85fad02e87da5920a6d4e8be2333debbec"/>
		<Metadata name="Constant.PAPI_ВыполнитьОбработкуПослеЗаписиВерсий" id="04e5cbdb-6284-4577-baf8-6291904f50de" configVersion="2de65a2c5e3785ff9e428c2459e254d2d251a7d8"/>
		<Metadata name="Constant.PAPI_ДатаЗапретаОбменаДокументов" id="a8dc409f-b22f-4383-8879-254a3a6e44a4" configVersion="839659a325044f2607de11c04e02b14c2752b49b"/>
		<Metadata name="Constant.PAPI_Источник" id="fe207390-6cd4-4a22-ab20-31e90a248ffe" configVersion="e134ae5fc1de6d84d01af5b0b97e056485b03fe0"/>
		<Metadata name="Constant.PAPI_КоличествоПопытокОчередиДокументов" id="85c28877-9316-44cb-af28-84b5f293a22c" configVersion="40aec58865f7c0eb0aa39a0daa592031ae412d6f"/>
		<Metadata name="Constant.PAPI_ЛогированиеВходящихСообщенийСервисаИнтеграции" id="346e50e9-a86e-4169-a9c3-d3cdb21b0496" configVersion="4a40aa6ce31e7e81f32c724a6fe4c6c5dfbbdee2"/>
		<Metadata name="Constant.PAPI_НастройкаХраненияДанных" id="7a919529-2df0-4cdb-9c91-1a06ba813488" configVersion="bcba3833243d4270aed201af40692c58a8b5e89c"/>
		<Metadata name="Constant.PAPI_НастройкаХраненияДанных.ManagerModule" id="7a919529-2df0-4cdb-9c91-1a06ba813488.1" configVersion="643ad14c4610eef43c607f2bb76e2015380e0171"/>
		<Metadata name="Constant.PAPI_ОбменыСервисовИнтеграцииВключены" id="66faf13a-f79b-46c0-94a1-7b6dd3782907" configVersion="4254512ad7eb2440aaeded004da92c672e492826"/>
		<Metadata name="Constant.PAPI_ТекущаяВерсия" id="fe94080d-0a87-4911-be6e-2c5d1f16cc76" configVersion="ca6f47e170823710ce8197fc091b8af34e0362a4"/>
		<Metadata name="DataProcessor.PAPI_КонсольКода" id="58e90f69-7dd3-4416-b398-ee9fd9628634" configVersion="7890de23f2e122a29bd101b59ea29a1ea9243fc5">
			<Metadata name="DataProcessor.PAPI_КонсольКода.Command.КонсольКода" id="39b33106-8e82-4c16-9044-4fb9127ae3ad"/>
		</Metadata>
		<Metadata name="DataProcessor.PAPI_КонсольКода.Command.КонсольКода.CommandModule" id="39b33106-8e82-4c16-9044-4fb9127ae3ad.2" configVersion="b4fed5b9029507ed02b1c8298f4b4b27b6fcd352"/>
		<Metadata name="DataProcessor.PAPI_КонсольКода.Form.Форма" id="9595c5a5-dfe1-4fd3-a985-1fbb6eab2dc5" configVersion="789e9925ea19c5de435d6df489d902461731e06d"/>
		<Metadata name="DataProcessor.PAPI_КонсольКода.Form.Форма.Form" id="9595c5a5-dfe1-4fd3-a985-1fbb6eab2dc5.0" configVersion="c3138cd566e37a21e38bc628f15a74bcdb0c26cc"/>
		<Metadata name="DataProcessor.PAPI_КонсольКода.Template.src" id="e3ea94a7-0295-42e1-8615-40b6e26ae756" configVersion="1651005a4a0dded375a6ff3f7a24b988a27deb25"/>
		<Metadata name="DataProcessor.PAPI_КонсольКода.Template.src.Template" id="e3ea94a7-0295-42e1-8615-40b6e26ae756.0" configVersion="eb32f0e46b4e5e66a487394555c1aef8739ffd66"/>
		<Metadata name="DataProcessor.PAPI_НастройкаСервисовИнтеграции" id="13c637e7-cf10-4185-be23-f54b23873635" configVersion="7fc03ca36d42f4653aabdc9ea35c6eaf8c0d573c">
			<Metadata name="DataProcessor.PAPI_НастройкаСервисовИнтеграции.Command.НастройкаСИ" id="4e5a765f-294c-4110-b2b1-cf6456a8b02a"/>
		</Metadata>
		<Metadata name="DataProcessor.PAPI_НастройкаСервисовИнтеграции.Command.НастройкаСИ.CommandModule" id="4e5a765f-294c-4110-b2b1-cf6456a8b02a.2" configVersion="72672568c6354fd33e35629fc5be3d1553758502"/>
		<Metadata name="DataProcessor.PAPI_НастройкаСервисовИнтеграции.Form.Форма" id="665d5cc5-c59b-4d13-a068-b2ffcf2190e1" configVersion="bb3b0862df63376f8161fcf51e561963b7c3a326"/>
		<Metadata name="DataProcessor.PAPI_НастройкаСервисовИнтеграции.Form.Форма.Form" id="665d5cc5-c59b-4d13-a068-b2ffcf2190e1.0" configVersion="c452225196b734e2e93dfc9e1f8f7a422bc7b1fc"/>
		<Metadata name="DataProcessor.PAPI_НастройкаСервисовИнтеграции.ObjectModule" id="13c637e7-cf10-4185-be23-f54b23873635.0" configVersion="ae3863a9a6c1f95109703a1ab415472822bca8df"/>
		<Metadata name="DataProcessor.PAPI_НастройкаСоставаИсторииДанных" id="e8b5a381-3c80-4cea-924c-d2c89ce730cf" configVersion="0c556540f64ade1b62053d07e1f921de716b364a">
			<Metadata name="DataProcessor.PAPI_НастройкаСоставаИсторииДанных.Command.НастройкаСоставаИД" id="0b4d8f5f-59cb-4f1b-86de-f0d39773b1c7"/>
		</Metadata>
		<Metadata name="DataProcessor.PAPI_НастройкаСоставаИсторииДанных.Command.НастройкаСоставаИД.CommandModule" id="0b4d8f5f-59cb-4f1b-86de-f0d39773b1c7.2" configVersion="24f9077ddb3c7833104f64c1710df9062e9ede86"/>
		<Metadata name="DataProcessor.PAPI_НастройкаСоставаИсторииДанных.Form.ВыборПроизвольнойДаты" id="24473454-617d-4dbb-ac23-1a016549268c" configVersion="f4fb784501f02065745b5a29e8edb8560d65c575"/>
		<Metadata name="DataProcessor.PAPI_НастройкаСоставаИсторииДанных.Form.ВыборПроизвольнойДаты.Form" id="24473454-617d-4dbb-ac23-1a016549268c.0" configVersion="329548f33229ddf089d715a8523c0e205fa94f44"/>
		<Metadata name="DataProcessor.PAPI_НастройкаСоставаИсторииДанных.Form.Форма" id="5cd47e07-3172-47d0-b836-8ca2618b6820" configVersion="98fe8e109c9e79ea397f047c0777e8fca6cc5330"/>
		<Metadata name="DataProcessor.PAPI_НастройкаСоставаИсторииДанных.Form.Форма.Form" id="5cd47e07-3172-47d0-b836-8ca2618b6820.0" configVersion="67028870b4db8ef94270c811ba875420a978b2f6"/>
		<Metadata name="DataProcessor.PAPI_НастройкаСоставаИсторииДанных.Form.ФормаПрогресса" id="24c96ae7-805f-43ce-88b9-41e04d402a5e" configVersion="956dd7542e3fc704a926eb23ede2f46c3401d1d8"/>
		<Metadata name="DataProcessor.PAPI_НастройкаСоставаИсторииДанных.Form.ФормаПрогресса.Form" id="24c96ae7-805f-43ce-88b9-41e04d402a5e.0" configVersion="67d442093c48a944ed76a53e43df834d55fd4c93"/>
		<Metadata name="DataProcessor.PAPI_НастройкаСоставаИсторииДанных.ObjectModule" id="e8b5a381-3c80-4cea-924c-d2c89ce730cf.0" configVersion="a176e1dacc4bb685cd036cada869240ea577c908"/>
		<Metadata name="DataProcessor.PAPI_ОтладкаВходящегоЗапроса" id="801cc090-4f5a-4e3c-8e11-466a49e5b683" configVersion="8f2593426126f872c0eb379cf1195edba3073dfa">
			<Metadata name="DataProcessor.PAPI_ОтладкаВходящегоЗапроса.Command.ОтладкаВходящихЗапросов" id="8620070d-7a58-4201-8e24-6148cf2b7e38"/>
		</Metadata>
		<Metadata name="DataProcessor.PAPI_ОтладкаВходящегоЗапроса.Command.ОтладкаВходящихЗапросов.CommandModule" id="8620070d-7a58-4201-8e24-6148cf2b7e38.2" configVersion="8a4e94c93ccce8a52592e5652598a4c6c3de62b1"/>
		<Metadata name="DataProcessor.PAPI_ОтладкаВходящегоЗапроса.Form.Форма" id="51fd415d-d8f1-4422-9588-01a9fd63b0da" configVersion="89bb4946ad2243d850897703e8295d7627066b9f"/>
		<Metadata name="DataProcessor.PAPI_ОтладкаВходящегоЗапроса.Form.Форма.Form" id="51fd415d-d8f1-4422-9588-01a9fd63b0da.0" configVersion="cb84053861b877b93ce962a2f0935fc3e0d5f916"/>
		<Metadata name="DataProcessor.PAPI_ОтправкаСообщенияСервисовИнтеграции" id="e0e8e666-6022-4ba1-bfa8-fdcd0896c59c" configVersion="4c1cd35f1bfea0dc585a202c4729b038d5d879b3">
			<Metadata name="DataProcessor.PAPI_ОтправкаСообщенияСервисовИнтеграции.Command.ОтправкаСообщенияСервисовИнтеграции" id="f4956b33-f67e-468b-95e4-76edbf0d425a"/>
		</Metadata>
		<Metadata name="DataProcessor.PAPI_ОтправкаСообщенияСервисовИнтеграции.Command.ОтправкаСообщенияСервисовИнтеграции.CommandModule" id="f4956b33-f67e-468b-95e4-76edbf0d425a.2" configVersion="85714ad9c6297f32573ed00532460ad730976814"/>
		<Metadata name="DataProcessor.PAPI_ОтправкаСообщенияСервисовИнтеграции.Form.Форма" id="db0763c3-4ef8-4226-af9d-947a41f94441" configVersion="b5df41f385d8309064f1fde38b0bd5ad882c01c7"/>
		<Metadata name="DataProcessor.PAPI_ОтправкаСообщенияСервисовИнтеграции.Form.Форма.Form" id="db0763c3-4ef8-4226-af9d-947a41f94441.0" configVersion="6b31d1cec1c0eddecace879ab42fcf50a20b969c"/>
		<Metadata name="DataProcessor.PAPI_ОтправкаСообщенияСервисовИнтеграции.ObjectModule" id="e0e8e666-6022-4ba1-bfa8-fdcd0896c59c.0" configVersion="8de9bdb8444eebd3ae74d538b5fe3e160b90619c"/>
		<Metadata name="DataProcessor.PAPI_СообщенияСервисовИнтеграции" id="848c3bd5-484d-4c8f-8ac0-f49b8ebcf649" configVersion="db8def7ef9e1ed30f79adb1814ac3eb891e0b507">
			<Metadata name="DataProcessor.PAPI_СообщенияСервисовИнтеграции.Command.СообщенияСервисовИнтеграции" id="7f81e448-1dc5-468c-910a-39b9464185c8"/>
		</Metadata>
		<Metadata name="DataProcessor.PAPI_СообщенияСервисовИнтеграции.Command.СообщенияСервисовИнтеграции.CommandModule" id="7f81e448-1dc5-468c-910a-39b9464185c8.2" configVersion="f544673740b2129f127388e1c1bd0a511d49394e"/>
		<Metadata name="DataProcessor.PAPI_СообщенияСервисовИнтеграции.Form.Форма" id="f63e70c6-401a-4dd3-be03-90d2fce6ac51" configVersion="b128110abf26366daedd09fb9f090ede1608811f"/>
		<Metadata name="DataProcessor.PAPI_СообщенияСервисовИнтеграции.Form.Форма.Form" id="f63e70c6-401a-4dd3-be03-90d2fce6ac51.0" configVersion="6884609945585a3532a38342deb01c37995700ee"/>
		<Metadata name="DataProcessor.PAPI_СообщенияСервисовИнтеграции.ObjectModule" id="848c3bd5-484d-4c8f-8ac0-f49b8ebcf649.0" configVersion="52acc71f71e6d2f1f9635e836eb4e94b810c6665"/>
		<Metadata name="Document.PAPI_ВходящийЗапрос" id="f6020250-c25e-4107-aef3-f7aa371a5027" configVersion="6f8026a9e4e4332bccddcf78e04a7db8a8e317e3">
			<Metadata name="Document.PAPI_ВходящийЗапрос.Attribute.ЕстьТелоЗапроса" id="5b66111d-05a4-4aa1-9e3e-bd05de2dbdcc"/>
			<Metadata name="Document.PAPI_ВходящийЗапрос.Attribute.Метод" id="743bf84f-2027-4d3f-9c54-b3b3ea983a37"/>
			<Metadata name="Document.PAPI_ВходящийЗапрос.Attribute.Комментарий" id="c6b0030a-5a72-4db1-aab0-c9e7a3128515"/>
			<Metadata name="Document.PAPI_ВходящийЗапрос.Attribute.Запрос" id="d68771e8-ef32-433f-b2c8-8c50728719ec"/>
			<Metadata name="Document.PAPI_ВходящийЗапрос.Attribute.ТелоЗапроса" id="dc284fff-0e20-4859-ad93-4e78498adf18"/>
		</Metadata>
		<Metadata name="Document.PAPI_ВходящийЗапрос.Form.ФормаВыбора" id="5373341d-73b5-4c7c-b971-fd3dffad3ec6" configVersion="471696aec20cd374eb2a9b3c4d54ea202ad4ed7d"/>
		<Metadata name="Document.PAPI_ВходящийЗапрос.Form.ФормаВыбора.Form" id="5373341d-73b5-4c7c-b971-fd3dffad3ec6.0" configVersion="79aeb5e86d2d1b605f16838ba8aa4f9115bacf7a"/>
		<Metadata name="Document.PAPI_ВходящийЗапрос.Form.ФормаДокумента" id="8a80b7bb-89f4-40ca-a95e-5fcd0bc0068f" configVersion="15dc680340f1110901635a4123c85a4b14fa7934"/>
		<Metadata name="Document.PAPI_ВходящийЗапрос.Form.ФормаДокумента.Form" id="8a80b7bb-89f4-40ca-a95e-5fcd0bc0068f.0" configVersion="a1fb42b23f610b044469e11e1afdf6457ac327e7"/>
		<Metadata name="Document.PAPI_ВходящийЗапрос.ManagerModule" id="f6020250-c25e-4107-aef3-f7aa371a5027.2" configVersion="ab0e8a2fb12ffe9f6c1dee6431f1644b1b44a51b"/>
		<Metadata name="Document.PAPI_ВходящийЗапрос.ObjectModule" id="f6020250-c25e-4107-aef3-f7aa371a5027.0" configVersion="a757ecaba3d44c3a3123630ff11dc58b78a9fc13"/>
		<Metadata name="Enum.PAPI_ДействиеСДокументом" id="8e556a81-af90-4719-a24a-ce1456c23883" configVersion="1201a0646774f12cf2f4b7d0c5747e9fac4c00ce">
			<Metadata name="Enum.PAPI_ДействиеСДокументом.EnumValue.Запись" id="18bbd3ae-d32c-40dc-bdb9-76ad5b99aa70"/>
			<Metadata name="Enum.PAPI_ДействиеСДокументом.EnumValue.ОтменаПроведения" id="2bd1a892-02da-4230-bd3d-4ff267d386b2"/>
			<Metadata name="Enum.PAPI_ДействиеСДокументом.EnumValue.Проведение" id="34711be9-d7d6-4a4e-948a-bab8491cef0e"/>
			<Metadata name="Enum.PAPI_ДействиеСДокументом.EnumValue.УстановитьПометкуУдаления" id="70db835f-8465-4af2-9ef3-b6ac5d457c44"/>
			<Metadata name="Enum.PAPI_ДействиеСДокументом.EnumValue.СнятьПометкуУдаления" id="917369cb-c55f-4bcc-a3d8-d0d02dcbb16d"/>
			<Metadata name="Enum.PAPI_ДействиеСДокументом.EnumValue.ПроведениеНеоперативный" id="c5fff558-01f9-4cfa-84e6-b46722a12f45"/>
		</Metadata>
		<Metadata name="Enum.PAPI_СрокиХранения" id="7a79fd82-05a0-4993-b026-ceaaabcb20c2" configVersion="a404810d52cd00989afccf5f55137b5500c1af09">
			<Metadata name="Enum.PAPI_СрокиХранения.EnumValue.ЗаШестьМесяцев" id="2af20f42-ec09-4bd7-b7e6-9bd70acc46df"/>
			<Metadata name="Enum.PAPI_СрокиХранения.EnumValue.ЗаНеделю" id="5237ccca-82de-45e3-8203-8f5fea2228af"/>
			<Metadata name="Enum.PAPI_СрокиХранения.EnumValue.ЗаМесяц" id="60c33745-77a4-4f24-ac08-12e11756daac"/>
			<Metadata name="Enum.PAPI_СрокиХранения.EnumValue.Бессрочно" id="74f78a0a-4839-426e-a045-16fcf5d29cea"/>
			<Metadata name="Enum.PAPI_СрокиХранения.EnumValue.ЗаГод" id="7cbe2691-ba83-46f4-9461-11249a9e6118"/>
			<Metadata name="Enum.PAPI_СрокиХранения.EnumValue.ЗаТриМесяца" id="a2b85238-7af8-4ac4-a28d-799f2c51a066"/>
			<Metadata name="Enum.PAPI_СрокиХранения.EnumValue.ЗаДень" id="c96c8b47-60b2-4540-854b-97e5bec4bf92"/>
		</Metadata>
		<Metadata name="Enum.PAPI_СрокиХранения.ManagerModule" id="7a79fd82-05a0-4993-b026-ceaaabcb20c2.0" configVersion="4c5f0214b00ab4fad4dda1d4a874ee14c1afda5f"/>
		<Metadata name="Enum.PAPI_ТелоЗапроса" id="1dd11933-dab4-42ea-8f5e-e3a878488fae" configVersion="a80d8aff1387434b4a8639604f05b2755e81cf73">
			<Metadata name="Enum.PAPI_ТелоЗапроса.EnumValue.ДвоичныеДанные" id="20e7edee-28a8-4306-ade5-20b2f91c5fb2"/>
			<Metadata name="Enum.PAPI_ТелоЗапроса.EnumValue.Строка" id="7a8e21ea-63e3-48f0-b17f-a94759c89a01"/>
			<Metadata name="Enum.PAPI_ТелоЗапроса.EnumValue.Поток" id="e224754f-6a40-40f2-9a0b-f8dd7b22787e"/>
		</Metadata>
		<Metadata name="Enum.PAPI_ТелоОтвета" id="41b21fbc-ec53-4042-a247-2e16bfd1a922" configVersion="47507bd32f61daa0f82f7864b18fbc44f2495c0d">
			<Metadata name="Enum.PAPI_ТелоОтвета.EnumValue.Строка" id="15aed9a4-dec7-4751-b72f-1fb2ba247975"/>
			<Metadata name="Enum.PAPI_ТелоОтвета.EnumValue.ДвоичныеДанные" id="7cedabb6-af10-464c-adc1-2867e6a4c781"/>
			<Metadata name="Enum.PAPI_ТелоОтвета.EnumValue.Файл" id="89c50752-280b-4669-bd54-2ffa661500dd"/>
		</Metadata>
		<Metadata name="Enum.PAPI_ТипВыполнения" id="1964e7b6-6bd5-4fe4-beb0-fe05d8f262f8" configVersion="31116bf11111aa8f0cef4af35ba31f85c6d4f444">
			<Metadata name="Enum.PAPI_ТипВыполнения.EnumValue.Произвольный" id="092c8572-ac15-4395-a1e1-8ede3fc3880d"/>
			<Metadata name="Enum.PAPI_ТипВыполнения.EnumValue.Алгоритм" id="c3be3d0d-777f-47f9-a75a-f92b24908531"/>
			<Metadata name="Enum.PAPI_ТипВыполнения.EnumValue.ВнешняяОбработка" id="cae14fd5-8f98-409f-8780-0f8e979c9e02"/>
		</Metadata>
		<Metadata name="Enum.PAPI_ТипЛога" id="367bf6c8-e9b6-4bbd-9559-58f70df7f43d" configVersion="20b210fb47e3ca875f618703dd36cb95fcd761c6">
			<Metadata name="Enum.PAPI_ТипЛога.EnumValue.Ошибка" id="1f4c8d47-bfd4-42d5-9960-1d3fc206f818"/>
			<Metadata name="Enum.PAPI_ТипЛога.EnumValue.Примечание" id="5512aaed-078e-486c-aa89-0cc1984d236a"/>
			<Metadata name="Enum.PAPI_ТипЛога.EnumValue.Предупреждение" id="8935b8e0-137a-416b-b761-f1cf0b80a415"/>
			<Metadata name="Enum.PAPI_ТипЛога.EnumValue.Информация" id="adb2e203-048e-44c1-b8f0-6a5a23aa46c8"/>
		</Metadata>
		<Metadata name="Enum.PAPI_ТипПодпискиНаСобытие" id="7ca9bc66-7f22-4d85-a977-8c07626ba726" configVersion="0e7048d5d75e7aa6dc85a444b0bd92f9fd0b755f">
			<Metadata name="Enum.PAPI_ТипПодпискиНаСобытие.EnumValue.ПередУдалением" id="0bf9487e-a536-4c7c-860b-037dcc657d62"/>
			<Metadata name="Enum.PAPI_ТипПодпискиНаСобытие.EnumValue.ОбработкаФормированияПоВерсииИсторииДанных" id="3738dfbe-d8bb-4eaa-8eae-103d1c38a185"/>
			<Metadata name="Enum.PAPI_ТипПодпискиНаСобытие.EnumValue.ПередЗаписью" id="4ad5c1e2-082c-4929-abcb-ccec4ab87a80"/>
			<Metadata name="Enum.PAPI_ТипПодпискиНаСобытие.EnumValue.ОбработкаПослеЗаписиВерсийИсторииДанных" id="4e9c0bd6-0c72-4605-91f9-85d62bb722aa"/>
			<Metadata name="Enum.PAPI_ТипПодпискиНаСобытие.EnumValue.ОбработкаПроведения" id="6ffa25d4-37b7-4e28-9d5a-81aa4fee8cff"/>
			<Metadata name="Enum.PAPI_ТипПодпискиНаСобытие.EnumValue.ОбработкаУдаленияПроведения" id="d8c107ce-53ba-4145-8b2a-b5b7ce1f068e"/>
			<Metadata name="Enum.PAPI_ТипПодпискиНаСобытие.EnumValue.ПриЗаписи" id="e4104d07-d644-4d1b-aa32-84c7a25337bd"/>
			<Metadata name="Enum.PAPI_ТипПодпискиНаСобытие.EnumValue.ПриКопировании" id="edb8f0ae-cc74-44f6-bfca-26232eff7b57"/>
			<Metadata name="Enum.PAPI_ТипПодпискиНаСобытие.EnumValue.ОбработкаПроверкиЗаполнения" id="f7cc6d09-1b51-4e46-a0b4-09eda8ccb866"/>
		</Metadata>
		<Metadata name="Enum.PAPI_ТипПодпискиНаСобытие.ManagerModule" id="7ca9bc66-7f22-4d85-a977-8c07626ba726.0" configVersion="8cb137d85aace66d713c9180c18a4f5315527024"/>
		<Metadata name="EventSubscription.PAPI_ОбработкаПослеЗаписиВерсийИсторииДанных" id="33fb0598-dda6-45e2-8cb1-49a6bfa3267f" configVersion="3aef3f7e676f8fdd457eb187c32b8cf211275c6a"/>
		<Metadata name="EventSubscription.PAPI_ОбработкаПроведения_Документы" id="837b5b6a-c8d3-4136-951f-b6ceab337cc9" configVersion="9569a2a878aa7e795ee21d77fc1770dd0b5d7b3a"/>
		<Metadata name="EventSubscription.PAPI_ОбработкаПроверкиЗаполнения" id="4cdde5ed-dac1-4051-9801-8fffc887ec26" configVersion="f71037465a5b87f9519592e20c563ceb54918be4"/>
		<Metadata name="EventSubscription.PAPI_ОбработкаУдаленияПроведения_Документы" id="4647a012-3e41-4d75-8826-a0a004be64c5" configVersion="9b69a656a9390b0846ecb593825444b58f458e93"/>
		<Metadata name="EventSubscription.PAPI_ОбработкаФормированияПоВерсииИсторииДанных_Объекты" id="33f01d91-2098-441a-b29d-eb834856ad35" configVersion="02670bfdc1be5cc6ed82b8cbcbe39c8efb2b25b3"/>
		<Metadata name="EventSubscription.PAPI_ОбработкаФормированияПоВерсииИсторииДанных_РегистрСведений" id="71c8c45b-40c7-4b28-8ed5-081015474430" configVersion="9bb9ca42e4339160d90b2fe1932c7a399c5deb47"/>
		<Metadata name="EventSubscription.PAPI_ПередЗаписью_Документы" id="20d25d8b-bd98-40e6-b2a7-044f4099ea75" configVersion="78f1f893f4d8b13e3528cd7ad8e85551e594b3a8"/>
		<Metadata name="EventSubscription.PAPI_ПередЗаписью_ОбъектыБезДокументов" id="91313ce2-04f6-48b8-ad50-148b7aced300" configVersion="eb26bca736d60d29d845c9eb661a250fb598068f"/>
		<Metadata name="EventSubscription.PAPI_ПередЗаписью_РегистрРасчетаНаборЗаписей" id="962c493d-7dd5-4117-badc-361a4a45e5a6" configVersion="abd8b699aea79d50b02f4184fab1a47ae9122846"/>
		<Metadata name="EventSubscription.PAPI_ПередЗаписью_Регистры" id="e0978a7f-0ae7-4d9d-8ea2-f76ecee45775" configVersion="6564e8151a9d0896c3dff54a6c2c4636834f5d05"/>
		<Metadata name="EventSubscription.PAPI_ПередУдалением_Объекты" id="5fbd2806-f63c-4d4d-b2c1-228159e2eac6" configVersion="ec51aba88fcd6c61b7224b586fe7e88756be4f8a"/>
		<Metadata name="EventSubscription.PAPI_ПриЗаписи_Объекты" id="54a0db50-e24e-44ec-8a7f-aa1cd1849f4d" configVersion="a72925c3cf36107bebb06440b4a4f194be2bf3d0"/>
		<Metadata name="EventSubscription.PAPI_ПриЗаписи_РегистрРасчетаНаборЗаписей" id="315d7676-927a-436f-af65-bfb02cb5d08a" configVersion="e1e0242a7377d07299f80304a0334aee54a394cb"/>
		<Metadata name="EventSubscription.PAPI_ПриЗаписи_Регистры" id="0b312863-de15-41ec-a37f-2c605e02264a" configVersion="44fc4b65b7c3c9ba63ea35fbce7ef249efa1fb8b"/>
		<Metadata name="EventSubscription.PAPI_ПриКопировании_Объекты" id="1abc1244-c683-4235-ab66-e070c2f84630" configVersion="614cd97407ded4729d55ec91b626035e68f91896"/>
		<Metadata name="FunctionalOption.PAPI_ЛогированиеВходящихСообщенийСервисаИнтеграции" id="de70fff3-8eee-45ce-ab1f-874718858429" configVersion="694741d6274f2ba3a81839befdf5e384970a46f2"/>
		<Metadata name="FunctionalOption.PAPI_ОбменыСервисовИнтеграцииВключены" id="982bc804-8adb-4c8d-9984-459fb22de8a3" configVersion="f513e249a742a24c65369fef83489cf28a05088e"/>
		<Metadata name="HTTPService.PAPI" id="62612da8-fbd9-4f9c-af78-3c65c1dcd54a" configVersion="1c06d6d4236a814e4e0ecf102d09cd001b997345">
			<Metadata name="HTTPService.PAPI.URLTemplate.PAPI" id="59fdde9d-95a1-46d7-92d3-532811e5f81a"/>
			<Metadata name="HTTPService.PAPI.URLTemplate.PAPI.Method.ANY" id="7ad22af8-e220-4652-913e-4e3ac77a3f3e"/>
		</Metadata>
		<Metadata name="HTTPService.PAPI.Module" id="62612da8-fbd9-4f9c-af78-3c65c1dcd54a.0" configVersion="53aa9e352cbf8fac077accebd1c1ff2faa9b27de"/>
		<Metadata name="HTTPService.PAPI_lower" id="c21247e5-bb7d-4f1a-b76f-75ca83622c3f" configVersion="42afe4eed5de05861f0d3fe71da3ccaf01a2b93c">
			<Metadata name="HTTPService.PAPI_lower.URLTemplate.PAPI.Method.ANY" id="0dbfd383-0e81-4f16-8c32-98e8858b0b39"/>
			<Metadata name="HTTPService.PAPI_lower.URLTemplate.PAPI" id="9e52fd40-8f1b-41c0-a90f-a695fa6e63be"/>
		</Metadata>
		<Metadata name="HTTPService.PAPI_lower.Module" id="c21247e5-bb7d-4f1a-b76f-75ca83622c3f.0" configVersion="4d13c943ade7a585f1d2a2fb00bfdb542c25710e"/>
		<Metadata name="InformationRegister.PAPI_ВходящиеСообщенияСервисаИнтеграции" id="4937197a-79fa-444b-a6d0-79b5ac851aa3" configVersion="e73ccec200fde06ac5493d11c633416edd35e325">
			<Metadata name="InformationRegister.PAPI_ВходящиеСообщенияСервисаИнтеграции.Attribute.Представление" id="1e0f7565-e319-4ba4-bc5d-ecbce60b00be"/>
			<Metadata name="InformationRegister.PAPI_ВходящиеСообщенияСервисаИнтеграции.Resource.ДатаУстаревания" id="4545e26f-3720-4af3-bde0-aa8b80314bf8"/>
			<Metadata name="InformationRegister.PAPI_ВходящиеСообщенияСервисаИнтеграции.Attribute.ИдОбъекта" id="4594d664-349c-4245-8c2e-4743fa63e1f2"/>
			<Metadata name="InformationRegister.PAPI_ВходящиеСообщенияСервисаИнтеграции.Attribute.ТипСообщения" id="61446822-3f0a-4838-bc63-c1c06894e435"/>
			<Metadata name="InformationRegister.PAPI_ВходящиеСообщенияСервисаИнтеграции.Attribute.ДанныеПрочитаны" id="61a930f2-9184-4add-825f-6e1a4e9ce506"/>
			<Metadata name="InformationRegister.PAPI_ВходящиеСообщенияСервисаИнтеграции.Attribute.ДатаОтправки" id="61cd9da9-2498-4107-8445-eb7399a8afb7"/>
			<Metadata name="InformationRegister.PAPI_ВходящиеСообщенияСервисаИнтеграции.Attribute.ВидИзменения" id="6af64c1d-6fa1-4e69-b963-ec16dda889f7"/>
			<Metadata name="InformationRegister.PAPI_ВходящиеСообщенияСервисаИнтеграции.Attribute.ТипОбъекта" id="a4886cbf-1fb8-44a5-b8e2-1be8e534ece4"/>
			<Metadata name="InformationRegister.PAPI_ВходящиеСообщенияСервисаИнтеграции.Dimension.КодОтправителя" id="b8bad08d-09d3-43e0-946f-c96672c3e7ed"/>
			<Metadata name="InformationRegister.PAPI_ВходящиеСообщенияСервисаИнтеграции.Resource.Сообщение" id="cafb5b29-bdf5-4ae5-a5be-1fb4065a31c3"/>
			<Metadata name="InformationRegister.PAPI_ВходящиеСообщенияСервисаИнтеграции.Attribute.ИдентификаторСообщенияЗапроса" id="ceb2ad79-ecd6-47cc-8a31-183c95f455d4"/>
			<Metadata name="InformationRegister.PAPI_ВходящиеСообщенияСервисаИнтеграции.Attribute.ТекстОшибки" id="eb4ce09b-7efd-4533-8129-a4f180588fd9"/>
			<Metadata name="InformationRegister.PAPI_ВходящиеСообщенияСервисаИнтеграции.Attribute.ДатаЧтения" id="f488f812-a064-4e4e-b4ec-c6b85507b713"/>
			<Metadata name="InformationRegister.PAPI_ВходящиеСообщенияСервисаИнтеграции.Dimension.Идентификатор" id="f8c1aa6f-5352-4d85-9682-bb04de0a0005"/>
		</Metadata>
		<Metadata name="InformationRegister.PAPI_ВходящиеСообщенияСервисаИнтеграции.Form.ФормаЗаписи" id="eb312a04-70bf-4bdf-a1d9-5f26d744517c" configVersion="707a5ffed2ddd56037507d94e351da9881ec2c15"/>
		<Metadata name="InformationRegister.PAPI_ВходящиеСообщенияСервисаИнтеграции.Form.ФормаЗаписи.Form" id="eb312a04-70bf-4bdf-a1d9-5f26d744517c.0" configVersion="5cc0ecd44aa3fa80c735c9e0e46c0ba6380b08b3"/>
		<Metadata name="InformationRegister.PAPI_ВходящиеСообщенияСервисаИнтеграции.Form.ФормаСписка" id="107a1592-6f0c-4379-bb53-3d485171d42a" configVersion="7c161d37dc3800372867abc13033fae4c3ae4ff0"/>
		<Metadata name="InformationRegister.PAPI_ВходящиеСообщенияСервисаИнтеграции.Form.ФормаСписка.Form" id="107a1592-6f0c-4379-bb53-3d485171d42a.0" configVersion="0d76477e4a2b71a8f57a32c977cfdb777ac5c171"/>
		<Metadata name="InformationRegister.PAPI_ВходящиеСообщенияСервисаИнтеграции.ManagerModule" id="4937197a-79fa-444b-a6d0-79b5ac851aa3.2" configVersion="d226e82e4e98ea7ee16b05a0af58dfb045abe13b"/>
		<Metadata name="InformationRegister.PAPI_ЗапросНедостающихДанных" id="974b5789-522d-4946-aed8-3f8e84a67847" configVersion="31b09e9ce82813191782b4eaaa0f27044113e847">
			<Metadata name="InformationRegister.PAPI_ЗапросНедостающихДанных.Dimension.Идентификатор" id="00a7a407-5be8-43c5-8232-6b6114e44e75"/>
			<Metadata name="InformationRegister.PAPI_ЗапросНедостающихДанных.Attribute.ИдОбъекта" id="01d79555-7436-44c8-9342-097c1edc4320"/>
			<Metadata name="InformationRegister.PAPI_ЗапросНедостающихДанных.Attribute.ТипОбъекта" id="0aebe95a-e4a8-4c75-adbf-a9c5bfb3befa"/>
			<Metadata name="InformationRegister.PAPI_ЗапросНедостающихДанных.Resource.КодОтправителя" id="599dde07-1927-4eaf-b6d9-17df4ac7d208"/>
			<Metadata name="InformationRegister.PAPI_ЗапросНедостающихДанных.Attribute.ДатаОтправки" id="6c7cd849-3e6b-4c7f-b625-182bc6cadd5f"/>
			<Metadata name="InformationRegister.PAPI_ЗапросНедостающихДанных.Attribute.ТекстОшибки" id="880db97f-7d0e-45eb-9e75-8ffa716f8192"/>
			<Metadata name="InformationRegister.PAPI_ЗапросНедостающихДанных.Attribute.Представление" id="89c6bd0e-57f5-42ac-9b8c-6b542e38b596"/>
			<Metadata name="InformationRegister.PAPI_ЗапросНедостающихДанных.Resource.ВходящийИдентификатор" id="8e28edd9-a079-40ce-a106-38a307a8eda8"/>
			<Metadata name="InformationRegister.PAPI_ЗапросНедостающихДанных.Attribute.ДанныеПрочитаны" id="99bf4a24-8556-4ebc-ab83-e597a5b56fca"/>
			<Metadata name="InformationRegister.PAPI_ЗапросНедостающихДанных.Attribute.ТипСообщения" id="a0029e5a-980d-4f77-bf27-ac745242c3fa"/>
			<Metadata name="InformationRegister.PAPI_ЗапросНедостающихДанных.Attribute.ДатаЧтения" id="befd8e4b-9eb2-451c-80db-a7558e33a214"/>
		</Metadata>
		<Metadata name="InformationRegister.PAPI_ЗапросНедостающихДанных.ManagerModule" id="974b5789-522d-4946-aed8-3f8e84a67847.2" configVersion="0eecaf0462a22c5471656913c39bd6975d277b38"/>
		<Metadata name="InformationRegister.PAPI_ИсполнителиПодписок" id="d1aa188f-39a7-443e-bb3d-d2edc8f3d9a5" configVersion="68b64d464e5c92593a1e94e63cd42eb8e56824f4">
			<Metadata name="InformationRegister.PAPI_ИсполнителиПодписок.Dimension.Подписка" id="0c49e351-383f-425e-a76b-ea1225aea7d0"/>
			<Metadata name="InformationRegister.PAPI_ИсполнителиПодписок.Resource.ТипВыполнения" id="3a6d717d-3eb6-4263-9de8-c5ee886f96ee"/>
			<Metadata name="InformationRegister.PAPI_ИсполнителиПодписок.Attribute.Алгоритм" id="6f908f49-2a1f-4b11-a5e0-6eb442977fbb"/>
			<Metadata name="InformationRegister.PAPI_ИсполнителиПодписок.Dimension.ТипСобытия" id="79e0eb47-da34-4b94-a10b-9ae5b2c23538"/>
			<Metadata name="InformationRegister.PAPI_ИсполнителиПодписок.Resource.ИсполняемыйКод" id="83df4429-ad72-4a59-b6c3-b06ed6bb1b3f"/>
			<Metadata name="InformationRegister.PAPI_ИсполнителиПодписок.Dimension.ТипОбъекта" id="b3725846-f127-4c49-a344-20350b3ffeec"/>
			<Metadata name="InformationRegister.PAPI_ИсполнителиПодписок.Attribute.ВнешняяОбработка" id="df83b500-5b2f-4ba1-af11-01e94adb1159"/>
			<Metadata name="InformationRegister.PAPI_ИсполнителиПодписок.Resource.Приоритет" id="f79827ff-1324-4eab-97ab-bacdf0983c69"/>
		</Metadata>
		<Metadata name="InformationRegister.PAPI_ИсполнителиПодписок.Form.ФормаЗаписи" id="8364df34-6c51-4215-94e1-178809e72f94" configVersion="8af5c02020cc49d7834333b20ddf74c28281fc19"/>
		<Metadata name="InformationRegister.PAPI_ИсполнителиПодписок.Form.ФормаЗаписи.Form" id="8364df34-6c51-4215-94e1-178809e72f94.0" configVersion="772fb2545152240ae0913b39e67dba5106631fc3"/>
		<Metadata name="InformationRegister.PAPI_ИсполнителиПодписок.Form.ФормаСписка" id="d60308ef-fe39-4fce-a1dc-cc71da76b39c" configVersion="905a3676c14f7221f57e2990476aa133b0c47245"/>
		<Metadata name="InformationRegister.PAPI_ИсполнителиПодписок.Form.ФормаСписка.Form" id="d60308ef-fe39-4fce-a1dc-cc71da76b39c.0" configVersion="602832a5dded7d68590e460f01e76f504bc4cb79"/>
		<Metadata name="InformationRegister.PAPI_ИсполнителиПодписок.ManagerModule" id="d1aa188f-39a7-443e-bb3d-d2edc8f3d9a5.2" configVersion="f18ca75e60fa734f9d9242802e20510e36d7e197"/>
		<Metadata name="InformationRegister.PAPI_ЛогАлгоритмов" id="ae7045b1-74e4-460c-856a-54405036b434" configVersion="cd6a862edb22676397a62ded738614a92b748fda">
			<Metadata name="InformationRegister.PAPI_ЛогАлгоритмов.Dimension.ДатаВремя" id="051b6d92-fef5-44d6-8a54-9ea96c36d350"/>
			<Metadata name="InformationRegister.PAPI_ЛогАлгоритмов.Attribute.Информация" id="67be7463-f416-4ac8-a268-c0909e29d413"/>
			<Metadata name="InformationRegister.PAPI_ЛогАлгоритмов.Dimension.ТипЛога" id="83596c60-e621-41a6-84f3-eae53664901d"/>
			<Metadata name="InformationRegister.PAPI_ЛогАлгоритмов.Dimension.Алгоритм" id="d88083e1-3b93-4869-a2f3-06fcc289b817"/>
		</Metadata>
		<Metadata name="InformationRegister.PAPI_ЛогАлгоритмов.Form.ФормаЗаписи" id="141b788f-5a98-42cf-a6d2-c26cc0f08bce" configVersion="697e9e0e9f6cd4af5fd229d2d4f91d694301f7e9"/>
		<Metadata name="InformationRegister.PAPI_ЛогАлгоритмов.Form.ФормаЗаписи.Form" id="141b788f-5a98-42cf-a6d2-c26cc0f08bce.0" configVersion="18c4d425171228164ba7525b390b8e8dad0f57d6"/>
		<Metadata name="InformationRegister.PAPI_ЛогАлгоритмов.ManagerModule" id="ae7045b1-74e4-460c-856a-54405036b434.2" configVersion="bfbec6288e9dde53a5a32331e3546db87e928658"/>
		<Metadata name="InformationRegister.PAPI_ЛогМетодов" id="838cb7a6-9486-4ea0-919a-98f2475c74c1" configVersion="4e5f5176269202983be1e9432185fcf7e758c475">
			<Metadata name="InformationRegister.PAPI_ЛогМетодов.Dimension.Метод" id="3d8073ca-efee-4a95-8adb-24c650e0427a"/>
			<Metadata name="InformationRegister.PAPI_ЛогМетодов.Dimension.ТипЛога" id="4ad23fd8-8dc6-4725-9226-a8b8ddb6e3d6"/>
			<Metadata name="InformationRegister.PAPI_ЛогМетодов.Attribute.Информация" id="93530bca-22e8-48bf-b688-675ecbba4946"/>
			<Metadata name="InformationRegister.PAPI_ЛогМетодов.Dimension.ДатаВремя" id="e3f0fad2-9618-409d-9265-262974e3f254"/>
		</Metadata>
		<Metadata name="InformationRegister.PAPI_ЛогМетодов.Form.ФормаЗаписи" id="278f519d-b8b8-4679-bbda-6d0bf732517d" configVersion="541c43da66c3cc09a22aa291c35e9a25569216b6"/>
		<Metadata name="InformationRegister.PAPI_ЛогМетодов.Form.ФормаЗаписи.Form" id="278f519d-b8b8-4679-bbda-6d0bf732517d.0" configVersion="e368427bb80696578626be926d78ea3da8b89f4b"/>
		<Metadata name="InformationRegister.PAPI_ЛогМетодов.ManagerModule" id="838cb7a6-9486-4ea0-919a-98f2475c74c1.2" configVersion="577fe41773ea795626f76f06b8269b3067cf1f88"/>
		<Metadata name="InformationRegister.PAPI_НастройкиХраненияИстории" id="0c33f9f7-8d65-410a-b837-bbcd7458d434" configVersion="eb18d58af771ac8de38a1817c81b5f93440bd14a">
			<Metadata name="InformationRegister.PAPI_НастройкиХраненияИстории.Dimension.ТипДанных" id="74abdca4-60ff-458b-9f72-9b118a03074a"/>
			<Metadata name="InformationRegister.PAPI_НастройкиХраненияИстории.Resource.СрокХранения" id="b450fc0b-c5a9-4801-9c37-513844475029"/>
			<Metadata name="InformationRegister.PAPI_НастройкиХраненияИстории.Dimension.ИмяОбъекта" id="e0c21e24-eef8-4c0e-8185-bcf2d64d3a2c"/>
		</Metadata>
		<Metadata name="InformationRegister.PAPI_НастройкиХраненияИстории.Form.НастройкаИсторииХранения" id="13ce440c-bd6e-4799-a2eb-e35f5b67414c" configVersion="d11b27624e283c569c25812a4ecb0a06dd4a49ef"/>
		<Metadata name="InformationRegister.PAPI_НастройкиХраненияИстории.Form.НастройкаИсторииХранения.Form" id="13ce440c-bd6e-4799-a2eb-e35f5b67414c.0" configVersion="6b0258d5edaf468c98490b808c0b5b45c58a242f"/>
		<Metadata name="InformationRegister.PAPI_НастройкиХраненияИстории.ManagerModule" id="0c33f9f7-8d65-410a-b837-bbcd7458d434.2" configVersion="02420495a47c2d3f290fad0f8ff8258f29d8a810"/>
		<Metadata name="InformationRegister.PAPI_ОтборыПолучателей" id="340a1bd9-5442-4233-84f2-92b64854a3bb" configVersion="3a89013636e6f983f094a049a1d723e82a21302a">
			<Metadata name="InformationRegister.PAPI_ОтборыПолучателей.Dimension.Получатель" id="49f4d0ec-683a-41e6-96b0-310a75158381"/>
			<Metadata name="InformationRegister.PAPI_ОтборыПолучателей.Dimension.Реквизит" id="6cb968d7-d07c-453d-902d-6de7d51447fb"/>
			<Metadata name="InformationRegister.PAPI_ОтборыПолучателей.Dimension.ТипОбъекта" id="720cf408-0863-4603-9823-ed41583a9f7d"/>
			<Metadata name="InformationRegister.PAPI_ОтборыПолучателей.Dimension.Значение" id="d9e97ec6-4ed4-4ea9-8c38-8af9a32dc476"/>
		</Metadata>
		<Metadata name="InformationRegister.PAPI_ОтборыПолучателей.Form.ФормаСписка" id="4f383b98-2fb9-449b-8784-66d7983a7217" configVersion="93b4e177038c1ce5030caacf75bcb2ca97fbc6de"/>
		<Metadata name="InformationRegister.PAPI_ОтборыПолучателей.Form.ФормаСписка.Form" id="4f383b98-2fb9-449b-8784-66d7983a7217.0" configVersion="ab30b8c35ab2f96dd88286c9ca03cba75b2422e1"/>
		<Metadata name="InformationRegister.PAPI_ОтборыПолучателей.ManagerModule" id="340a1bd9-5442-4233-84f2-92b64854a3bb.2" configVersion="8811a8563cec071f91507a649952356f0cb5a299"/>
		<Metadata name="InformationRegister.PAPI_ОчередьАлгоритмовДляФоновогоВыполнения" id="735fcb6c-6b47-44f3-a476-845d0ea5f008" configVersion="07b317e2f61a7d168cc5c4f7ac127acfab071e14">
			<Metadata name="InformationRegister.PAPI_ОчередьАлгоритмовДляФоновогоВыполнения.Attribute.ДатаОкончания" id="09243007-2b81-46a9-9388-72ffc829d306"/>
			<Metadata name="InformationRegister.PAPI_ОчередьАлгоритмовДляФоновогоВыполнения.Dimension.Алгоритм" id="1389fa17-7c17-481b-a4fa-d538303c0890"/>
			<Metadata name="InformationRegister.PAPI_ОчередьАлгоритмовДляФоновогоВыполнения.Attribute.ДатаНачала" id="1ca6346b-625c-4a3a-9ab6-029e62f84d64"/>
			<Metadata name="InformationRegister.PAPI_ОчередьАлгоритмовДляФоновогоВыполнения.Attribute.Выполнен" id="5ef77263-68c2-4a99-9f21-18b756bce7e7"/>
			<Metadata name="InformationRegister.PAPI_ОчередьАлгоритмовДляФоновогоВыполнения.Dimension.КлючПоиска" id="6d40e314-88bf-4d98-b21a-44729aac33fa"/>
			<Metadata name="InformationRegister.PAPI_ОчередьАлгоритмовДляФоновогоВыполнения.Attribute.ТекстОшибки" id="7d4f22dd-fd24-4fa4-b607-ebf796975bad"/>
			<Metadata name="InformationRegister.PAPI_ОчередьАлгоритмовДляФоновогоВыполнения.Attribute.КоличествоПопыток" id="a8c0e4a6-7ba6-42a9-b5b0-7ff31fe3dd90"/>
			<Metadata name="InformationRegister.PAPI_ОчередьАлгоритмовДляФоновогоВыполнения.Resource.ПараметрыАлгоритма" id="cc4fd653-573a-4461-9ba4-b70f788e9a22"/>
			<Metadata name="InformationRegister.PAPI_ОчередьАлгоритмовДляФоновогоВыполнения.Attribute.Ошибка" id="ce167b3e-76d3-4125-8d36-2f828e17186c"/>
		</Metadata>
		<Metadata name="InformationRegister.PAPI_ОчередьАлгоритмовДляФоновогоВыполнения.ManagerModule" id="735fcb6c-6b47-44f3-a476-845d0ea5f008.2" configVersion="76d5b15ee359464c85b4b52c9cf65bc9bc18a5d8"/>
		<Metadata name="InformationRegister.PAPI_ОчередьДействийСДокументами" id="067a44ed-6f1b-459a-b3b8-ef0cfecdd691" configVersion="44b203efe3f31671ed8aea438f0eddb29e2a90a5">
			<Metadata name="InformationRegister.PAPI_ОчередьДействийСДокументами.Dimension.ИдОбъекта" id="3da98189-c9ed-4090-8e00-62551df7f664"/>
			<Metadata name="InformationRegister.PAPI_ОчередьДействийСДокументами.Attribute.КоличествоПопыток" id="46238521-f903-41bc-84cd-066e3d0a6cdf"/>
			<Metadata name="InformationRegister.PAPI_ОчередьДействийСДокументами.Resource.Действие" id="5ddfbc40-4029-4c8b-821a-79cdb473dd7d"/>
			<Metadata name="InformationRegister.PAPI_ОчередьДействийСДокументами.Attribute.Представление" id="6f805f8d-79f4-4204-bbdd-3f43b724b148"/>
			<Metadata name="InformationRegister.PAPI_ОчередьДействийСДокументами.Attribute.ТекстОшибки" id="8dc57f9e-76c8-44d7-a161-4ce78bfbdb86"/>
			<Metadata name="InformationRegister.PAPI_ОчередьДействийСДокументами.Dimension.ТипОбъекта" id="a511a082-739a-4c82-b6c7-275090450160"/>
			<Metadata name="InformationRegister.PAPI_ОчередьДействийСДокументами.Attribute.ДатаИзменения" id="b486a7f3-3bc1-443d-bbaa-976ee5355f0a"/>
			<Metadata name="InformationRegister.PAPI_ОчередьДействийСДокументами.Attribute.Выполнено" id="f291ac41-6356-4b45-8f5b-10ca98dfedf1"/>
		</Metadata>
		<Metadata name="InformationRegister.PAPI_ОчередьДействийСДокументами.Form.ФормаЗаписи" id="1866bc1b-ee46-4a20-9bac-f20ef0f008ae" configVersion="b3b3eace3cc007a8e60272a47b4e48789591b418"/>
		<Metadata name="InformationRegister.PAPI_ОчередьДействийСДокументами.Form.ФормаЗаписи.Form" id="1866bc1b-ee46-4a20-9bac-f20ef0f008ae.0" configVersion="27cbad45bb0778e10a30a38af7a7f841d24dd3e7"/>
		<Metadata name="InformationRegister.PAPI_ОчередьДействийСДокументами.Form.ФормаСписка" id="b16660ff-7d08-48a2-9b0a-fb946e9b8fd9" configVersion="d02657fdd42fbfcf6825bcf9e79e483a81e0161c"/>
		<Metadata name="InformationRegister.PAPI_ОчередьДействийСДокументами.Form.ФормаСписка.Form" id="b16660ff-7d08-48a2-9b0a-fb946e9b8fd9.0" configVersion="ebc7f9406c1a32a50d914424ddba2b4f5e7a5878"/>
		<Metadata name="InformationRegister.PAPI_ОчередьДействийСДокументами.ManagerModule" id="067a44ed-6f1b-459a-b3b8-ef0cfecdd691.2" configVersion="ab62de14d58fa6e9432ad9e6a8b10452aad9eb63"/>
		<Metadata name="InformationRegister.PAPI_ОчередьДействийСДокументами.Template.ИнформацияПоДействиям" id="73e20746-0138-45cd-9a91-c44e5a39e61d" configVersion="4fa74859399985279ea6efb17895f4a6835f10f7"/>
		<Metadata name="InformationRegister.PAPI_ОчередьДействийСДокументами.Template.ИнформацияПоДействиям.Template" id="73e20746-0138-45cd-9a91-c44e5a39e61d.0" configVersion="97883c699230fe032e70e9fd9b8beb23e5ce2ab3"/>
		<Metadata name="InformationRegister.PAPI_ОшибкиОбработкиПослеЗаписиВерсий" id="0217bfa5-ac0b-4f42-9b70-f7dcdca638a8" configVersion="74e204bcaf1da72dc992122d032fe78863fd202e">
			<Metadata name="InformationRegister.PAPI_ОшибкиОбработкиПослеЗаписиВерсий.Attribute.ПоследняяВерсия" id="182fe05c-60a1-425a-9c59-bc2c2c8c2747"/>
			<Metadata name="InformationRegister.PAPI_ОшибкиОбработкиПослеЗаписиВерсий.Attribute.ДатаИзменения" id="229c2015-c0a4-48af-9743-592ffda84d29"/>
			<Metadata name="InformationRegister.PAPI_ОшибкиОбработкиПослеЗаписиВерсий.Attribute.ТекстОшибки" id="45a91ef2-3942-467c-b832-4882f290df11"/>
			<Metadata name="InformationRegister.PAPI_ОшибкиОбработкиПослеЗаписиВерсий.Dimension.ТипОбъекта" id="6c98f0f2-ba63-4db6-ba04-22c7daf03885"/>
			<Metadata name="InformationRegister.PAPI_ОшибкиОбработкиПослеЗаписиВерсий.Attribute.ВидИзменения" id="a1b371a8-9e23-4b89-aa08-aa12597f3c4a"/>
			<Metadata name="InformationRegister.PAPI_ОшибкиОбработкиПослеЗаписиВерсий.Attribute.НачальнаяВерсия" id="e45d9066-943b-46f8-b9c2-8fe9db5da83a"/>
			<Metadata name="InformationRegister.PAPI_ОшибкиОбработкиПослеЗаписиВерсий.Dimension.ИдОбъекта" id="ed88adda-aff1-4402-8d5d-f7e98c6e4d41"/>
			<Metadata name="InformationRegister.PAPI_ОшибкиОбработкиПослеЗаписиВерсий.Attribute.Представление" id="ff6b025d-774d-47d9-a47b-fe66893c48a6"/>
		</Metadata>
		<Metadata name="InformationRegister.PAPI_ОшибкиОбработкиПослеЗаписиВерсий.Form.ФормаЗаписи" id="6136212d-7bec-4d36-b81e-edafe22126fb" configVersion="07849c0bf3eadea6bd8dc796952197351a9ba97d"/>
		<Metadata name="InformationRegister.PAPI_ОшибкиОбработкиПослеЗаписиВерсий.Form.ФормаЗаписи.Form" id="6136212d-7bec-4d36-b81e-edafe22126fb.0" configVersion="09fb3a99ff24d2b4eaad9b21206d9d9b09895209"/>
		<Metadata name="InformationRegister.PAPI_ОшибкиОбработкиПослеЗаписиВерсий.Form.ФормаСписка" id="83f8e29c-4e6d-4361-afae-3654683c6021" configVersion="a26b2efac1def27ed6b468829d885ea713df4a71"/>
		<Metadata name="InformationRegister.PAPI_ОшибкиОбработкиПослеЗаписиВерсий.Form.ФормаСписка.Form" id="83f8e29c-4e6d-4361-afae-3654683c6021.0" configVersion="8bf765259d3841e2d568850c0415a7b682bb564d"/>
		<Metadata name="InformationRegister.PAPI_ОшибкиОбработкиПослеЗаписиВерсий.ManagerModule" id="0217bfa5-ac0b-4f42-9b70-f7dcdca638a8.2" configVersion="c3e4d189167d0dc7d390685fd09ceeb37a72c365"/>
		<Metadata name="InformationRegister.PAPI_ХранилищеРезультатов" id="12fe4574-a967-444d-b33c-0573e5be004a" configVersion="fe5f1f6739117e1cc65d9dab42c7723257db5db6">
			<Metadata name="InformationRegister.PAPI_ХранилищеРезультатов.Attribute.ВсегоЧастей" id="094d8280-f478-45bb-96a9-b5bd378764d9"/>
			<Metadata name="InformationRegister.PAPI_ХранилищеРезультатов.Attribute.ХешЧасти" id="1bb1137c-2de1-4eed-ab68-d33557d2fe3f"/>
			<Metadata name="InformationRegister.PAPI_ХранилищеРезультатов.Resource.Результат" id="4e528206-c0d2-4868-8076-a3b1bab5c22c"/>
			<Metadata name="InformationRegister.PAPI_ХранилищеРезультатов.Attribute.ДатаСоздания" id="9bb5712e-ae35-4ecb-860e-f1881956b645"/>
			<Metadata name="InformationRegister.PAPI_ХранилищеРезультатов.Dimension.КлючПоиска" id="cb38f112-dbd2-4afe-bb58-00a2c9bb945f"/>
			<Metadata name="InformationRegister.PAPI_ХранилищеРезультатов.Dimension.НомерЧасти" id="d2834b60-5738-44a3-b178-9495e23ae09c"/>
		</Metadata>
		<Metadata name="InformationRegister.PAPI_ХранилищеРезультатов.ManagerModule" id="12fe4574-a967-444d-b33c-0573e5be004a.2" configVersion="57403b6865b28814c4d472a362d75675e194076b"/>
		<Metadata name="Language.Русский" id="8c00922b-80b2-4c14-b156-64065fc06a8a" configVersion="34e03c292da0839bd81920e3de2e90327398b30c"/>
		<Metadata name="Role.PAPI_Администратор" id="9d1bac82-a05f-4f35-ba30-ce8f98f0ff2c" configVersion="122a77db2fe3c404f7773678b7ea96a4ceac3892"/>
		<Metadata name="Role.PAPI_Администратор.Rights" id="9d1bac82-a05f-4f35-ba30-ce8f98f0ff2c.0" configVersion="1347ad787fb00c708966fed833f45d6b18da576b"/>
		<Metadata name="Role.PAPI_МинимальныеПрава" id="f9cc58f8-eb14-4921-be2b-af8c255d0ba3" configVersion="9dc6e3704c63c2142690329478e826b346a33801"/>
		<Metadata name="Role.PAPI_МинимальныеПрава.Rights" id="f9cc58f8-eb14-4921-be2b-af8c255d0ba3.0" configVersion="ec3471978f7c3d2a6beeb578abe68906a8340f8f"/>
		<Metadata name="Role.PAPI_Оператор" id="b70780f9-ad77-4b23-b696-cae76d26fa96" configVersion="ee01f7e6989a95bca0456e33a2b876088a37181e"/>
		<Metadata name="Role.PAPI_Оператор.Rights" id="b70780f9-ad77-4b23-b696-cae76d26fa96.0" configVersion="f797538bcb20552c2d45f678b9e95870879df46b"/>
		<Metadata name="Role.PAPI_ПодсистемаPAPI" id="89edac91-9890-4c30-a3ca-68b95002e746" configVersion="d23062c9243face800498b94ec83c2ef0b83f11b"/>
		<Metadata name="Role.PAPI_ПодсистемаPAPI.Rights" id="89edac91-9890-4c30-a3ca-68b95002e746.0" configVersion="d233e45ecc6d216221de039d4c3d50401de9732f"/>
		<Metadata name="ScheduledJob.PAPI_ВыполнитьОбработкуОчередиДействийСДокументами" id="6b377891-4081-4447-9c0e-17d6a5181f6a" configVersion="60c3a36974d7698feefcbbb884c927da09d3b374"/>
		<Metadata name="ScheduledJob.PAPI_ИсторияДанныхВыполнитьОбработкуПослеЗаписиВерсий" id="f913d438-2a5f-4bf7-bbdc-baad2501fa54" configVersion="c773a740dbbadfdd125f1b85c62ed2da8d78032a"/>
		<Metadata name="ScheduledJob.PAPI_ИсторияДанныхОбновитьИсторию" id="54b4f7cc-b9f1-4831-8166-84c091fe605f" configVersion="47bebc5020970435396a6c952e9024a0486559b8"/>
		<Metadata name="ScheduledJob.PAPI_ИсторияДанныхОбновитьИсторию.Schedule" id="54b4f7cc-b9f1-4831-8166-84c091fe605f.0" configVersion="f1a80b85e0a5474c79dceeb2767da3b0e8b6e2d1"/>
		<Metadata name="ScheduledJob.PAPI_ИсторияДанныхУдалитьВерсии" id="ee7559d9-1632-4a52-aadc-d7efb61bd9ed" configVersion="c26421b78ecb07c22b86c2c83c788e75362c4391"/>
		<Metadata name="ScheduledJob.PAPI_ИсторияДанныхУдалитьВерсии.Schedule" id="ee7559d9-1632-4a52-aadc-d7efb61bd9ed.0" configVersion="25337bccfd8284fd049a914aa970cb2d65cdf323"/>
		<Metadata name="ScheduledJob.PAPI_СервисыИнтеграцииВыполнитьОбработку" id="b20d73a3-d789-4b9e-8e94-579da2d6fce1" configVersion="7107ee702b27ae85a63e2921746bcbfccf977334"/>
		<Metadata name="ScheduledJob.PAPI_СервисыИнтеграцииВыполнитьОбработку.Schedule" id="b20d73a3-d789-4b9e-8e94-579da2d6fce1.0" configVersion="f1a80b85e0a5474c79dceeb2767da3b0e8b6e2d1"/>
		<Metadata name="ScheduledJob.PAPI_УдалениеСтарыхДанных" id="ef6a105d-bf19-40a5-90f1-75f3164124c7" configVersion="ac4641389d96c31dfae20c4ec2b26c1fb84f34ff"/>
		<Metadata name="ScheduledJob.PAPI_УдалениеСтарыхДанных.Schedule" id="ef6a105d-bf19-40a5-90f1-75f3164124c7.0" configVersion="c8d1c918c4029b9ce3efdc08486954ea6f7a337b"/>
		<Metadata name="Subsystem.PAPI" id="a17e61f6-2bdd-45e2-b9c2-9661609099be" configVersion="55a7cda74b487f27a1dd3e10f4708e8874fe7ffb"/>
		<Metadata name="Subsystem.PAPI.CommandInterface" id="a17e61f6-2bdd-45e2-b9c2-9661609099be.1" configVersion="16edb42503c50abc5a815430f7e4abd10f97c672"/>
		<Metadata name="Subsystem.PAPI.Subsystem.PAPI_ВычисляемыеПодсистемы" id="536ebe14-c111-4b2e-b671-3622a33df93e" configVersion="9a82ba2d91e5142c12ef54d20e76a77d44200bda"/>
		<Metadata name="Subsystem.PAPI.Subsystem.PAPI_ВычисляемыеПодсистемы.CommandInterface" id="536ebe14-c111-4b2e-b671-3622a33df93e.1" configVersion="6109f98091b65ef17db9aade2193a7bbdf21ab6e"/>
		<Metadata name="Subsystem.PAPI.Subsystem.PAPI_ВычисляемыеПодсистемы.Subsystem.PAPI_Алгоритмы" id="f3a9c3f7-a7f8-4f20-b00b-2486c1217bcd" configVersion="07a8fea030d7e34dc22aae4b3907c621a6edaa19"/>
		<Metadata name="Subsystem.PAPI.Subsystem.PAPI_ВычисляемыеПодсистемы.Subsystem.PAPI_Алгоритмы.CommandInterface" id="f3a9c3f7-a7f8-4f20-b00b-2486c1217bcd.1" configVersion="327b9caf2ad3ad54d9cc2bb9e65dd050b98cfc21"/>
		<Metadata name="Subsystem.PAPI.Subsystem.PAPI_ВычисляемыеПодсистемы.Subsystem.PAPI_Алгоритмы.Subsystem.PAPI_HTTP" id="d80565dc-59cb-4c4b-a6b4-36f550b5a86f" configVersion="44b0de248a7a32c1cfabf7f8a718da75cd565629"/>
		<Metadata name="Subsystem.PAPI.Subsystem.PAPI_ВычисляемыеПодсистемы.Subsystem.PAPI_Алгоритмы.Subsystem.PAPI_HTTP.CommandInterface" id="d80565dc-59cb-4c4b-a6b4-36f550b5a86f.1" configVersion="84064add6205174d5a8dca683f3a7b13b24b1077"/>
		<Metadata name="Subsystem.PAPI.Subsystem.PAPI_ВычисляемыеПодсистемы.Subsystem.PAPI_Алгоритмы.Subsystem.PAPI_ОчередьАлгоритмов" id="43d7108c-b464-4937-ab2e-097fbb7e4f5a" configVersion="10ca62dabd367f984c25ac00a176e7b6e109aa89"/>
		<Metadata name="Subsystem.PAPI.Subsystem.PAPI_ВычисляемыеПодсистемы.Subsystem.PAPI_Алгоритмы.Subsystem.PAPI_ПодпискиНаСобытия" id="b365cc65-e18b-415e-b473-bf9b650867be" configVersion="d26501bd7953bc8f85bc43148db7e58373c188ac"/>
		<Metadata name="Subsystem.PAPI.Subsystem.PAPI_ВычисляемыеПодсистемы.Subsystem.PAPI_Алгоритмы.Subsystem.PAPI_ПодпискиНаСобытия.CommandInterface" id="b365cc65-e18b-415e-b473-bf9b650867be.1" configVersion="e5b0e72e3f3ce5f4859727774d1053233f54a60d"/>
		<Metadata name="Subsystem.PAPI.Subsystem.PAPI_ВычисляемыеПодсистемы.Subsystem.PAPI_Алгоритмы.Subsystem.PAPI_СервисыИнтеграции" id="8a444977-44ca-4c8e-9faa-37e226442828" configVersion="320e1a0c7d555ee51f9dcda5d37114da7aeb95d7"/>
		<Metadata name="Subsystem.PAPI.Subsystem.PAPI_ВычисляемыеПодсистемы.Subsystem.PAPI_Алгоритмы.Subsystem.PAPI_СервисыИнтеграции.CommandInterface" id="8a444977-44ca-4c8e-9faa-37e226442828.1" configVersion="2b8318befed793e5dc11ee0f747c39a6adc25c21"/>
		<Metadata name="Subsystem.PAPI.Subsystem.PAPI_ВычисляемыеПодсистемы.Subsystem.PAPI_Алгоритмы.Subsystem.PAPI_СервисыИнтеграции.Subsystem.PAPI_СообщенияСервисовИнтеграции" id="389d8e10-97d9-4291-b485-0356218a95a2" configVersion="d05da0af7b595e563b0448d5143c8bf6c62966f3"/>
		<Metadata name="Subsystem.PAPI.Subsystem.PAPI_ВычисляемыеПодсистемы.Subsystem.PAPI_Алгоритмы.Subsystem.PAPI_СервисыИнтеграции.Subsystem.PAPI_СообщенияСервисовИнтеграции.CommandInterface" id="389d8e10-97d9-4291-b485-0356218a95a2.1" configVersion="ba6dd8e0e04de9a86b0e278f5d652f23c9ac2dfa"/>
		<Metadata name="Subsystem.PAPI.Subsystem.PAPI_Инструменты" id="b1e906b2-220b-4399-990e-97bbeac83f88" configVersion="cb11190e0fb5452180f788aa6fce90f86235f518"/>
		<Metadata name="Subsystem.PAPI.Subsystem.PAPI_Инструменты.CommandInterface" id="b1e906b2-220b-4399-990e-97bbeac83f88.1" configVersion="b174d1791bec2390e372e8436d7415583914cd17"/>
		<Metadata name="Subsystem.PAPI.Subsystem.PAPI_ИсторияДанных" id="6abf5225-97d8-4460-9452-fb426ae64338" configVersion="acc2d2ce14c4fd0d7093244a0b6d9aff7dc880dd"/>
		<Metadata name="Subsystem.PAPI.Subsystem.PAPI_ИсторияДанных.CommandInterface" id="6abf5225-97d8-4460-9452-fb426ae64338.1" configVersion="6c1413605c77bd8def95a721f87113ff5536641e"/>
		<Metadata name="Subsystem.PAPI.Subsystem.PAPI_ИсторияДанных.Subsystem.PAPI_ОбработкаПослеЗаписиВерсий" id="80626e81-a729-4296-9268-a56b3e7b90f8" configVersion="8e88edbc4042d4eb499a360b1d3cc58096ef9f87"/>
		<Metadata name="Subsystem.PAPI.Subsystem.PAPI_КонсольКода" id="f1cbb5d2-79a6-443f-b1d0-c79108bb7872" configVersion="7ba0e30a2b057a29bfc46a55888280c30b4e3086"/>
		<Metadata name="Subsystem.PAPI.Subsystem.PAPI_КонсольКода.CommandInterface" id="f1cbb5d2-79a6-443f-b1d0-c79108bb7872.1" configVersion="d905cc0dae8a1b92ecab2dc078694d194f22732e"/>
		<Metadata name="Subsystem.PAPI.Subsystem.PAPI_ОтложенныеОперации" id="daafd6ed-2cec-4c3a-965e-be50a1213a5a" configVersion="4e4840d65b6d7cf171e54d96f1e2a08e92666590"/>
		<Metadata name="Subsystem.PAPI.Subsystem.PAPI_ОтложенныеОперации.CommandInterface" id="daafd6ed-2cec-4c3a-965e-be50a1213a5a.1" configVersion="305ff04b408a7faf46ab1c490a5193de52904137"/>
	</ConfigVersions>
</ConfigDumpInfo>