﻿<?xml version="1.0" encoding="UTF-8"?>
<MetaDataObject xmlns="http://v8.1c.ru/8.3/MDClasses" xmlns:app="http://v8.1c.ru/8.2/managed-application/core" xmlns:cfg="http://v8.1c.ru/8.1/data/enterprise/current-config" xmlns:cmi="http://v8.1c.ru/8.2/managed-application/cmi" xmlns:ent="http://v8.1c.ru/8.1/data/enterprise" xmlns:lf="http://v8.1c.ru/8.2/managed-application/logform" xmlns:style="http://v8.1c.ru/8.1/data/ui/style" xmlns:sys="http://v8.1c.ru/8.1/data/ui/fonts/system" xmlns:v8="http://v8.1c.ru/8.1/data/core" xmlns:v8ui="http://v8.1c.ru/8.1/data/ui" xmlns:web="http://v8.1c.ru/8.1/data/ui/colors/web" xmlns:win="http://v8.1c.ru/8.1/data/ui/colors/windows" xmlns:xen="http://v8.1c.ru/8.3/xcf/enums" xmlns:xpr="http://v8.1c.ru/8.3/xcf/predef" xmlns:xr="http://v8.1c.ru/8.3/xcf/readable" xmlns:xs="http://www.w3.org/2001/XMLSchema" xmlns:xsi="http://www.w3.org/2001/XMLSchema-instance" version="2.17">
	<DataProcessor uuid="848c3bd5-484d-4c8f-8ac0-f49b8ebcf649">
		<InternalInfo>
			<xr:GeneratedType name="DataProcessorObject.PAPI_СообщенияСервисовИнтеграции" category="Object">
				<xr:TypeId>84a29b45-a31d-4ad9-a89d-350b47eac349</xr:TypeId>
				<xr:ValueId>16f24730-2fcc-4ca8-b67a-e938f902f9d5</xr:ValueId>
			</xr:GeneratedType>
			<xr:GeneratedType name="DataProcessorManager.PAPI_СообщенияСервисовИнтеграции" category="Manager">
				<xr:TypeId>ce7e7681-1082-482e-b40b-8c45aacbdac7</xr:TypeId>
				<xr:ValueId>354f716f-189b-4b8d-8bb9-7a9928ac4bc2</xr:ValueId>
			</xr:GeneratedType>
		</InternalInfo>
		<Properties>
			<Name>PAPI_СообщенияСервисовИнтеграции</Name>
			<Synonym>
				<v8:item>
					<v8:lang>ru</v8:lang>
					<v8:content>PAPI: Сообщения сервисов интеграции</v8:content>
				</v8:item>
			</Synonym>
			<Comment>Сообщения сервисов интеграции V2024.05.06</Comment>
			<UseStandardCommands>true</UseStandardCommands>
			<DefaultForm>DataProcessor.PAPI_СообщенияСервисовИнтеграции.Form.Форма</DefaultForm>
			<AuxiliaryForm/>
			<IncludeHelpInContents>false</IncludeHelpInContents>
			<ExtendedPresentation>
				<v8:item>
					<v8:lang>ru</v8:lang>
					<v8:content>Сообщения сервисов интеграции</v8:content>
				</v8:item>
			</ExtendedPresentation>
			<Explanation>
				<v8:item>
					<v8:lang>ru</v8:lang>
					<v8:content>Позволяет отслеживать какие и сколько сообщений находятся в канале.</v8:content>
				</v8:item>
			</Explanation>
		</Properties>
		<ChildObjects>
			<Form>Форма</Form>
			<Command uuid="7f81e448-1dc5-468c-910a-39b9464185c8">
				<Properties>
					<Name>СообщенияСервисовИнтеграции</Name>
					<Synonym>
						<v8:item>
							<v8:lang>ru</v8:lang>
							<v8:content>Сообщения сервисов интеграции</v8:content>
						</v8:item>
					</Synonym>
					<Comment/>
					<Group>ActionsPanelTools</Group>
					<CommandParameterType/>
					<ParameterUseMode>Single</ParameterUseMode>
					<ModifiesData>false</ModifiesData>
					<Representation>Auto</Representation>
					<ToolTip/>
					<Picture/>
					<Shortcut/>
					<OnMainServerUnavalableBehavior>Auto</OnMainServerUnavalableBehavior>
				</Properties>
			</Command>
		</ChildObjects>
	</DataProcessor>
</MetaDataObject>