﻿<?xml version="1.0" encoding="UTF-8"?>
<MetaDataObject xmlns="http://v8.1c.ru/8.3/MDClasses" xmlns:app="http://v8.1c.ru/8.2/managed-application/core" xmlns:cfg="http://v8.1c.ru/8.1/data/enterprise/current-config" xmlns:cmi="http://v8.1c.ru/8.2/managed-application/cmi" xmlns:ent="http://v8.1c.ru/8.1/data/enterprise" xmlns:lf="http://v8.1c.ru/8.2/managed-application/logform" xmlns:style="http://v8.1c.ru/8.1/data/ui/style" xmlns:sys="http://v8.1c.ru/8.1/data/ui/fonts/system" xmlns:v8="http://v8.1c.ru/8.1/data/core" xmlns:v8ui="http://v8.1c.ru/8.1/data/ui" xmlns:web="http://v8.1c.ru/8.1/data/ui/colors/web" xmlns:win="http://v8.1c.ru/8.1/data/ui/colors/windows" xmlns:xen="http://v8.1c.ru/8.3/xcf/enums" xmlns:xpr="http://v8.1c.ru/8.3/xcf/predef" xmlns:xr="http://v8.1c.ru/8.3/xcf/readable" xmlns:xs="http://www.w3.org/2001/XMLSchema" xmlns:xsi="http://www.w3.org/2001/XMLSchema-instance" version="2.20">
	<DataProcessor uuid="e0e8e666-6022-4ba1-bfa8-fdcd0896c59c">
		<InternalInfo>
			<xr:GeneratedType name="DataProcessorObject.PAPI_ОтправкаСообщенияСервисовИнтеграции" category="Object">
				<xr:TypeId>cb92c41a-7dce-451c-b5a5-d042c52a439a</xr:TypeId>
				<xr:ValueId>af621662-614e-42fd-a03e-9e80874c2de1</xr:ValueId>
			</xr:GeneratedType>
			<xr:GeneratedType name="DataProcessorManager.PAPI_ОтправкаСообщенияСервисовИнтеграции" category="Manager">
				<xr:TypeId>d670cba6-7907-4cf5-9a17-adbc4727e7ff</xr:TypeId>
				<xr:ValueId>adc2a1bd-859b-4d2f-97a3-d76e02d7e206</xr:ValueId>
			</xr:GeneratedType>
		</InternalInfo>
		<Properties>
			<Name>PAPI_ОтправкаСообщенияСервисовИнтеграции</Name>
			<Synonym>
				<v8:item>
					<v8:lang>ru</v8:lang>
					<v8:content>PAPI: Отправка сообщения сервисов интеграции</v8:content>
				</v8:item>
			</Synonym>
			<Comment>Отправить сообщения сервисов интеграции V2024.08.25</Comment>
			<UseStandardCommands>true</UseStandardCommands>
			<DefaultForm>DataProcessor.PAPI_ОтправкаСообщенияСервисовИнтеграции.Form.Форма</DefaultForm>
			<AuxiliaryForm/>
			<IncludeHelpInContents>false</IncludeHelpInContents>
			<ExtendedPresentation>
				<v8:item>
					<v8:lang>ru</v8:lang>
					<v8:content>Отправить сообщения сервисов интеграции</v8:content>
				</v8:item>
			</ExtendedPresentation>
			<Explanation/>
		</Properties>
		<ChildObjects>
			<Form>Форма</Form>
			<Command uuid="f4956b33-f67e-468b-95e4-76edbf0d425a">
				<Properties>
					<Name>ОтправкаСообщенияСервисовИнтеграции</Name>
					<Synonym>
						<v8:item>
							<v8:lang>ru</v8:lang>
							<v8:content>Отправка сообщения сервисов интеграции</v8:content>
						</v8:item>
					</Synonym>
					<Comment/>
					<Group>ActionsPanelTools</Group>
					<CommandParameterType/>
					<ParameterUseMode>Single</ParameterUseMode>
					<ModifiesData>false</ModifiesData>
					<Representation>Auto</Representation>
					<ToolTip/>
					<Picture/>
					<Shortcut/>
					<OnMainServerUnavalableBehavior>Auto</OnMainServerUnavalableBehavior>
				</Properties>
			</Command>
		</ChildObjects>
	</DataProcessor>
</MetaDataObject>