﻿<?xml version="1.0" encoding="UTF-8"?>
<MetaDataObject xmlns="http://v8.1c.ru/8.3/MDClasses" xmlns:app="http://v8.1c.ru/8.2/managed-application/core" xmlns:cfg="http://v8.1c.ru/8.1/data/enterprise/current-config" xmlns:cmi="http://v8.1c.ru/8.2/managed-application/cmi" xmlns:ent="http://v8.1c.ru/8.1/data/enterprise" xmlns:lf="http://v8.1c.ru/8.2/managed-application/logform" xmlns:style="http://v8.1c.ru/8.1/data/ui/style" xmlns:sys="http://v8.1c.ru/8.1/data/ui/fonts/system" xmlns:v8="http://v8.1c.ru/8.1/data/core" xmlns:v8ui="http://v8.1c.ru/8.1/data/ui" xmlns:web="http://v8.1c.ru/8.1/data/ui/colors/web" xmlns:win="http://v8.1c.ru/8.1/data/ui/colors/windows" xmlns:xen="http://v8.1c.ru/8.3/xcf/enums" xmlns:xpr="http://v8.1c.ru/8.3/xcf/predef" xmlns:xr="http://v8.1c.ru/8.3/xcf/readable" xmlns:xs="http://www.w3.org/2001/XMLSchema" xmlns:xsi="http://www.w3.org/2001/XMLSchema-instance" version="2.20">
	<DataProcessor uuid="d2b1cbb9-928b-45ad-b392-2c18f28c3c2e">
		<InternalInfo>
			<xr:GeneratedType name="DataProcessorObject.PAPI_WebSocketСоединения" category="Object">
				<xr:TypeId>98359539-805a-4bd8-a48b-aedc5f7f299e</xr:TypeId>
				<xr:ValueId>0d25e751-ad88-403b-9517-a30ebd7afba2</xr:ValueId>
			</xr:GeneratedType>
			<xr:GeneratedType name="DataProcessorManager.PAPI_WebSocketСоединения" category="Manager">
				<xr:TypeId>2674043d-e5e5-48e5-b69b-299f1f35357f</xr:TypeId>
				<xr:ValueId>b10cfd0e-d765-4a74-9e65-162ac4d13c0a</xr:ValueId>
			</xr:GeneratedType>
		</InternalInfo>
		<Properties>
			<Name>PAPI_WebSocketСоединения</Name>
			<Synonym>
				<v8:item>
					<v8:lang>ru</v8:lang>
					<v8:content>PAPI: WebSocket-Соединения</v8:content>
				</v8:item>
			</Synonym>
			<Comment>WebSocket-Соединения V2025.11.10</Comment>
			<UseStandardCommands>true</UseStandardCommands>
			<DefaultForm>DataProcessor.PAPI_WebSocketСоединения.Form.Форма</DefaultForm>
			<AuxiliaryForm/>
			<IncludeHelpInContents>false</IncludeHelpInContents>
			<ExtendedPresentation>
				<v8:item>
					<v8:lang>ru</v8:lang>
					<v8:content>WebSocket-Соединения</v8:content>
				</v8:item>
			</ExtendedPresentation>
			<Explanation>
				<v8:item>
					<v8:lang>ru</v8:lang>
					<v8:content>Инструмент позволяет управлять WebSocket-Соединениями</v8:content>
				</v8:item>
			</Explanation>
		</Properties>
		<ChildObjects>
			<Form>Форма</Form>
			<Command uuid="e9fd1c3c-637a-4ed2-a4e7-48c0d5698022">
				<Properties>
					<Name>WebSocketСоединения</Name>
					<Synonym>
						<v8:item>
							<v8:lang>ru</v8:lang>
							<v8:content>WebSocket-Соединения</v8:content>
						</v8:item>
					</Synonym>
					<Comment/>
					<Group>ActionsPanelTools</Group>
					<CommandParameterType/>
					<ParameterUseMode>Single</ParameterUseMode>
					<ModifiesData>false</ModifiesData>
					<Representation>Auto</Representation>
					<ToolTip/>
					<Picture/>
					<Shortcut/>
					<OnMainServerUnavalableBehavior>Auto</OnMainServerUnavalableBehavior>
				</Properties>
			</Command>
		</ChildObjects>
	</DataProcessor>
</MetaDataObject>