﻿<?xml version="1.0" encoding="UTF-8"?>
<MetaDataObject xmlns="http://v8.1c.ru/8.3/MDClasses" xmlns:app="http://v8.1c.ru/8.2/managed-application/core" xmlns:cfg="http://v8.1c.ru/8.1/data/enterprise/current-config" xmlns:cmi="http://v8.1c.ru/8.2/managed-application/cmi" xmlns:ent="http://v8.1c.ru/8.1/data/enterprise" xmlns:lf="http://v8.1c.ru/8.2/managed-application/logform" xmlns:style="http://v8.1c.ru/8.1/data/ui/style" xmlns:sys="http://v8.1c.ru/8.1/data/ui/fonts/system" xmlns:v8="http://v8.1c.ru/8.1/data/core" xmlns:v8ui="http://v8.1c.ru/8.1/data/ui" xmlns:web="http://v8.1c.ru/8.1/data/ui/colors/web" xmlns:win="http://v8.1c.ru/8.1/data/ui/colors/windows" xmlns:xen="http://v8.1c.ru/8.3/xcf/enums" xmlns:xpr="http://v8.1c.ru/8.3/xcf/predef" xmlns:xr="http://v8.1c.ru/8.3/xcf/readable" xmlns:xs="http://www.w3.org/2001/XMLSchema" xmlns:xsi="http://www.w3.org/2001/XMLSchema-instance" version="2.17">
	<DataProcessor uuid="e8b5a381-3c80-4cea-924c-d2c89ce730cf">
		<InternalInfo>
			<xr:GeneratedType name="DataProcessorObject.PAPI_НастройкаСоставаИсторииДанных" category="Object">
				<xr:TypeId>67c74fe0-78db-4aaa-a853-48918b548f6c</xr:TypeId>
				<xr:ValueId>1725ef01-b66b-4679-a79d-9a6dc6c995fb</xr:ValueId>
			</xr:GeneratedType>
			<xr:GeneratedType name="DataProcessorManager.PAPI_НастройкаСоставаИсторииДанных" category="Manager">
				<xr:TypeId>b777c83e-6ece-496e-9c9d-f1c951e02759</xr:TypeId>
				<xr:ValueId>31fd81f0-1d83-454f-94ae-0fcd79c2f3cb</xr:ValueId>
			</xr:GeneratedType>
		</InternalInfo>
		<Properties>
			<Name>PAPI_НастройкаСоставаИсторииДанных</Name>
			<Synonym>
				<v8:item>
					<v8:lang>ru</v8:lang>
					<v8:content>PAPI: Настройка состава истории данных</v8:content>
				</v8:item>
			</Synonym>
			<Comment>Настройка состава истории данных V2024.08.25</Comment>
			<UseStandardCommands>true</UseStandardCommands>
			<DefaultForm>DataProcessor.PAPI_НастройкаСоставаИсторииДанных.Form.Форма</DefaultForm>
			<AuxiliaryForm/>
			<IncludeHelpInContents>false</IncludeHelpInContents>
			<ExtendedPresentation>
				<v8:item>
					<v8:lang>ru</v8:lang>
					<v8:content>Настройка состава истории данных</v8:content>
				</v8:item>
			</ExtendedPresentation>
			<Explanation>
				<v8:item>
					<v8:lang>ru</v8:lang>
					<v8:content>Программное включения истории данных для объектов из пользовательского интерфейса.</v8:content>
				</v8:item>
			</Explanation>
		</Properties>
		<ChildObjects>
			<Form>Форма</Form>
			<Form>ВыборПроизвольнойДаты</Form>
			<Form>ФормаПрогресса</Form>
			<Command uuid="0b4d8f5f-59cb-4f1b-86de-f0d39773b1c7">
				<Properties>
					<Name>НастройкаСоставаИД</Name>
					<Synonym>
						<v8:item>
							<v8:lang>ru</v8:lang>
							<v8:content>Настройка состава истории данных</v8:content>
						</v8:item>
					</Synonym>
					<Comment/>
					<Group>ActionsPanelTools</Group>
					<CommandParameterType/>
					<ParameterUseMode>Single</ParameterUseMode>
					<ModifiesData>false</ModifiesData>
					<Representation>Auto</Representation>
					<ToolTip/>
					<Picture/>
					<Shortcut/>
					<OnMainServerUnavalableBehavior>Auto</OnMainServerUnavalableBehavior>
				</Properties>
			</Command>
		</ChildObjects>
	</DataProcessor>
</MetaDataObject>