﻿<?xml version="1.0" encoding="UTF-8"?>
<MetaDataObject xmlns="http://v8.1c.ru/8.3/MDClasses" xmlns:app="http://v8.1c.ru/8.2/managed-application/core" xmlns:cfg="http://v8.1c.ru/8.1/data/enterprise/current-config" xmlns:cmi="http://v8.1c.ru/8.2/managed-application/cmi" xmlns:ent="http://v8.1c.ru/8.1/data/enterprise" xmlns:lf="http://v8.1c.ru/8.2/managed-application/logform" xmlns:style="http://v8.1c.ru/8.1/data/ui/style" xmlns:sys="http://v8.1c.ru/8.1/data/ui/fonts/system" xmlns:v8="http://v8.1c.ru/8.1/data/core" xmlns:v8ui="http://v8.1c.ru/8.1/data/ui" xmlns:web="http://v8.1c.ru/8.1/data/ui/colors/web" xmlns:win="http://v8.1c.ru/8.1/data/ui/colors/windows" xmlns:xen="http://v8.1c.ru/8.3/xcf/enums" xmlns:xpr="http://v8.1c.ru/8.3/xcf/predef" xmlns:xr="http://v8.1c.ru/8.3/xcf/readable" xmlns:xs="http://www.w3.org/2001/XMLSchema" xmlns:xsi="http://www.w3.org/2001/XMLSchema-instance" version="2.20">
	<DataProcessor uuid="801cc090-4f5a-4e3c-8e11-466a49e5b683">
		<InternalInfo>
			<xr:GeneratedType name="DataProcessorObject.PAPI_ОтладкаВходящегоЗапроса" category="Object">
				<xr:TypeId>112c9d1d-ddb0-4924-83d6-9ff527429b5a</xr:TypeId>
				<xr:ValueId>7c69c0e2-0757-4ddd-ab7c-096c7d82b374</xr:ValueId>
			</xr:GeneratedType>
			<xr:GeneratedType name="DataProcessorManager.PAPI_ОтладкаВходящегоЗапроса" category="Manager">
				<xr:TypeId>87051a1d-3d09-4936-adb3-64f8eaf664dc</xr:TypeId>
				<xr:ValueId>82d4b225-d103-4c88-bac7-9d1c97a97e00</xr:ValueId>
			</xr:GeneratedType>
		</InternalInfo>
		<Properties>
			<Name>PAPI_ОтладкаВходящегоЗапроса</Name>
			<Synonym>
				<v8:item>
					<v8:lang>ru</v8:lang>
					<v8:content>PAPI: Отладка входящего запроса</v8:content>
				</v8:item>
			</Synonym>
			<Comment/>
			<UseStandardCommands>true</UseStandardCommands>
			<DefaultForm>DataProcessor.PAPI_ОтладкаВходящегоЗапроса.Form.Форма</DefaultForm>
			<AuxiliaryForm/>
			<IncludeHelpInContents>false</IncludeHelpInContents>
			<ExtendedPresentation>
				<v8:item>
					<v8:lang>ru</v8:lang>
					<v8:content>Отладка входящего запроса</v8:content>
				</v8:item>
			</ExtendedPresentation>
			<Explanation>
				<v8:item>
					<v8:lang>ru</v8:lang>
					<v8:content>Служит для повторного выполнения запроса из Документ.PAPI_ВходящийЗапрос</v8:content>
				</v8:item>
			</Explanation>
		</Properties>
		<ChildObjects>
			<Form>Форма</Form>
			<Command uuid="8620070d-7a58-4201-8e24-6148cf2b7e38">
				<Properties>
					<Name>ОтладкаВходящихЗапросов</Name>
					<Synonym>
						<v8:item>
							<v8:lang>ru</v8:lang>
							<v8:content>Отладка входящих запросов</v8:content>
						</v8:item>
					</Synonym>
					<Comment/>
					<Group>ActionsPanelTools</Group>
					<CommandParameterType/>
					<ParameterUseMode>Single</ParameterUseMode>
					<ModifiesData>false</ModifiesData>
					<Representation>Auto</Representation>
					<ToolTip/>
					<Picture/>
					<Shortcut/>
					<OnMainServerUnavalableBehavior>Auto</OnMainServerUnavalableBehavior>
				</Properties>
			</Command>
		</ChildObjects>
	</DataProcessor>
</MetaDataObject>