﻿<?xml version="1.0" encoding="UTF-8"?>
<MetaDataObject xmlns="http://v8.1c.ru/8.3/MDClasses" xmlns:app="http://v8.1c.ru/8.2/managed-application/core" xmlns:cfg="http://v8.1c.ru/8.1/data/enterprise/current-config" xmlns:cmi="http://v8.1c.ru/8.2/managed-application/cmi" xmlns:ent="http://v8.1c.ru/8.1/data/enterprise" xmlns:lf="http://v8.1c.ru/8.2/managed-application/logform" xmlns:style="http://v8.1c.ru/8.1/data/ui/style" xmlns:sys="http://v8.1c.ru/8.1/data/ui/fonts/system" xmlns:v8="http://v8.1c.ru/8.1/data/core" xmlns:v8ui="http://v8.1c.ru/8.1/data/ui" xmlns:web="http://v8.1c.ru/8.1/data/ui/colors/web" xmlns:win="http://v8.1c.ru/8.1/data/ui/colors/windows" xmlns:xen="http://v8.1c.ru/8.3/xcf/enums" xmlns:xpr="http://v8.1c.ru/8.3/xcf/predef" xmlns:xr="http://v8.1c.ru/8.3/xcf/readable" xmlns:xs="http://www.w3.org/2001/XMLSchema" xmlns:xsi="http://www.w3.org/2001/XMLSchema-instance" version="2.17">
	<DataProcessor uuid="13c637e7-cf10-4185-be23-f54b23873635">
		<InternalInfo>
			<xr:GeneratedType name="DataProcessorObject.PAPI_НастройкаСервисовИнтеграции" category="Object">
				<xr:TypeId>df80dd73-23a1-4f26-b45c-69619ced6a77</xr:TypeId>
				<xr:ValueId>5bf83117-18c3-4649-8b75-d26a65ae0a59</xr:ValueId>
			</xr:GeneratedType>
			<xr:GeneratedType name="DataProcessorManager.PAPI_НастройкаСервисовИнтеграции" category="Manager">
				<xr:TypeId>4ac25704-6fbd-4592-bc05-26b398ab413e</xr:TypeId>
				<xr:ValueId>79845396-e929-4053-adac-82295d4ceb93</xr:ValueId>
			</xr:GeneratedType>
		</InternalInfo>
		<Properties>
			<Name>PAPI_НастройкаСервисовИнтеграции</Name>
			<Synonym>
				<v8:item>
					<v8:lang>ru</v8:lang>
					<v8:content>PAPI: Настройка сервисов интеграции</v8:content>
				</v8:item>
			</Synonym>
			<Comment>Настройка сервисов интеграции V2024.05.07</Comment>
			<UseStandardCommands>true</UseStandardCommands>
			<DefaultForm>DataProcessor.PAPI_НастройкаСервисовИнтеграции.Form.Форма</DefaultForm>
			<AuxiliaryForm/>
			<IncludeHelpInContents>false</IncludeHelpInContents>
			<ExtendedPresentation>
				<v8:item>
					<v8:lang>ru</v8:lang>
					<v8:content>Настройка сервисов интеграции</v8:content>
				</v8:item>
			</ExtendedPresentation>
			<Explanation/>
		</Properties>
		<ChildObjects>
			<Form>Форма</Form>
			<Command uuid="4e5a765f-294c-4110-b2b1-cf6456a8b02a">
				<Properties>
					<Name>НастройкаСИ</Name>
					<Synonym>
						<v8:item>
							<v8:lang>ru</v8:lang>
							<v8:content>Настройка сервисов интеграции</v8:content>
						</v8:item>
					</Synonym>
					<Comment/>
					<Group>ActionsPanelTools</Group>
					<CommandParameterType/>
					<ParameterUseMode>Single</ParameterUseMode>
					<ModifiesData>false</ModifiesData>
					<Representation>Auto</Representation>
					<ToolTip/>
					<Picture/>
					<Shortcut/>
					<OnMainServerUnavalableBehavior>Auto</OnMainServerUnavalableBehavior>
				</Properties>
			</Command>
		</ChildObjects>
	</DataProcessor>
</MetaDataObject>