﻿<?xml version="1.0" encoding="UTF-8"?>
<MetaDataObject xmlns="http://v8.1c.ru/8.3/MDClasses" xmlns:app="http://v8.1c.ru/8.2/managed-application/core" xmlns:cfg="http://v8.1c.ru/8.1/data/enterprise/current-config" xmlns:cmi="http://v8.1c.ru/8.2/managed-application/cmi" xmlns:ent="http://v8.1c.ru/8.1/data/enterprise" xmlns:lf="http://v8.1c.ru/8.2/managed-application/logform" xmlns:style="http://v8.1c.ru/8.1/data/ui/style" xmlns:sys="http://v8.1c.ru/8.1/data/ui/fonts/system" xmlns:v8="http://v8.1c.ru/8.1/data/core" xmlns:v8ui="http://v8.1c.ru/8.1/data/ui" xmlns:web="http://v8.1c.ru/8.1/data/ui/colors/web" xmlns:win="http://v8.1c.ru/8.1/data/ui/colors/windows" xmlns:xen="http://v8.1c.ru/8.3/xcf/enums" xmlns:xpr="http://v8.1c.ru/8.3/xcf/predef" xmlns:xr="http://v8.1c.ru/8.3/xcf/readable" xmlns:xs="http://www.w3.org/2001/XMLSchema" xmlns:xsi="http://www.w3.org/2001/XMLSchema-instance" version="2.20">
	<Enum uuid="8e556a81-af90-4719-a24a-ce1456c23883">
		<InternalInfo>
			<xr:GeneratedType name="EnumRef.PAPI_ДействиеСДокументом" category="Ref">
				<xr:TypeId>5afc00e2-7885-4051-8117-50831515a059</xr:TypeId>
				<xr:ValueId>cbac7401-322e-42f3-b4f9-0b8fa313c616</xr:ValueId>
			</xr:GeneratedType>
			<xr:GeneratedType name="EnumManager.PAPI_ДействиеСДокументом" category="Manager">
				<xr:TypeId>c7527633-c821-40b2-a233-ee02545e9660</xr:TypeId>
				<xr:ValueId>91813185-9fad-4de9-8c10-9a7aa5673d64</xr:ValueId>
			</xr:GeneratedType>
			<xr:GeneratedType name="EnumList.PAPI_ДействиеСДокументом" category="List">
				<xr:TypeId>14032505-9a5f-484f-92a4-41fbefbe3b93</xr:TypeId>
				<xr:ValueId>543bac3a-d535-4406-9180-66a7b1854701</xr:ValueId>
			</xr:GeneratedType>
		</InternalInfo>
		<Properties>
			<Name>PAPI_ДействиеСДокументом</Name>
			<Synonym>
				<v8:item>
					<v8:lang>ru</v8:lang>
					<v8:content>PAPI: Действие с документом</v8:content>
				</v8:item>
			</Synonym>
			<Comment/>
			<UseStandardCommands>false</UseStandardCommands>
			<Characteristics/>
			<QuickChoice>true</QuickChoice>
			<ChoiceMode>BothWays</ChoiceMode>
			<DefaultListForm/>
			<DefaultChoiceForm/>
			<AuxiliaryListForm/>
			<AuxiliaryChoiceForm/>
			<ListPresentation>
				<v8:item>
					<v8:lang>ru</v8:lang>
					<v8:content>Действие с документами</v8:content>
				</v8:item>
			</ListPresentation>
			<ExtendedListPresentation/>
			<Explanation/>
			<ChoiceHistoryOnInput>Auto</ChoiceHistoryOnInput>
		</Properties>
		<ChildObjects>
			<EnumValue uuid="18bbd3ae-d32c-40dc-bdb9-76ad5b99aa70">
				<Properties>
					<Name>Запись</Name>
					<Synonym>
						<v8:item>
							<v8:lang>ru</v8:lang>
							<v8:content>Запись</v8:content>
						</v8:item>
					</Synonym>
					<Comment/>
				</Properties>
			</EnumValue>
			<EnumValue uuid="2bd1a892-02da-4230-bd3d-4ff267d386b2">
				<Properties>
					<Name>ОтменаПроведения</Name>
					<Synonym>
						<v8:item>
							<v8:lang>ru</v8:lang>
							<v8:content>Отмена проведения</v8:content>
						</v8:item>
					</Synonym>
					<Comment/>
				</Properties>
			</EnumValue>
			<EnumValue uuid="34711be9-d7d6-4a4e-948a-bab8491cef0e">
				<Properties>
					<Name>Проведение</Name>
					<Synonym>
						<v8:item>
							<v8:lang>ru</v8:lang>
							<v8:content>Проведение</v8:content>
						</v8:item>
					</Synonym>
					<Comment/>
				</Properties>
			</EnumValue>
			<EnumValue uuid="c5fff558-01f9-4cfa-84e6-b46722a12f45">
				<Properties>
					<Name>ПроведениеНеоперативный</Name>
					<Synonym>
						<v8:item>
							<v8:lang>ru</v8:lang>
							<v8:content>Проведение неоперативный</v8:content>
						</v8:item>
					</Synonym>
					<Comment/>
				</Properties>
			</EnumValue>
			<EnumValue uuid="917369cb-c55f-4bcc-a3d8-d0d02dcbb16d">
				<Properties>
					<Name>СнятьПометкуУдаления</Name>
					<Synonym>
						<v8:item>
							<v8:lang>ru</v8:lang>
							<v8:content>Снять пометку удаления</v8:content>
						</v8:item>
					</Synonym>
					<Comment/>
				</Properties>
			</EnumValue>
			<EnumValue uuid="70db835f-8465-4af2-9ef3-b6ac5d457c44">
				<Properties>
					<Name>УстановитьПометкуУдаления</Name>
					<Synonym>
						<v8:item>
							<v8:lang>ru</v8:lang>
							<v8:content>Установить пометку удаления</v8:content>
						</v8:item>
					</Synonym>
					<Comment/>
				</Properties>
			</EnumValue>
		</ChildObjects>
	</Enum>
</MetaDataObject>