﻿<?xml version="1.0" encoding="UTF-8"?>
<MetaDataObject xmlns="http://v8.1c.ru/8.3/MDClasses" xmlns:app="http://v8.1c.ru/8.2/managed-application/core" xmlns:cfg="http://v8.1c.ru/8.1/data/enterprise/current-config" xmlns:cmi="http://v8.1c.ru/8.2/managed-application/cmi" xmlns:ent="http://v8.1c.ru/8.1/data/enterprise" xmlns:lf="http://v8.1c.ru/8.2/managed-application/logform" xmlns:style="http://v8.1c.ru/8.1/data/ui/style" xmlns:sys="http://v8.1c.ru/8.1/data/ui/fonts/system" xmlns:v8="http://v8.1c.ru/8.1/data/core" xmlns:v8ui="http://v8.1c.ru/8.1/data/ui" xmlns:web="http://v8.1c.ru/8.1/data/ui/colors/web" xmlns:win="http://v8.1c.ru/8.1/data/ui/colors/windows" xmlns:xen="http://v8.1c.ru/8.3/xcf/enums" xmlns:xpr="http://v8.1c.ru/8.3/xcf/predef" xmlns:xr="http://v8.1c.ru/8.3/xcf/readable" xmlns:xs="http://www.w3.org/2001/XMLSchema" xmlns:xsi="http://www.w3.org/2001/XMLSchema-instance" version="2.17">
	<Enum uuid="41b21fbc-ec53-4042-a247-2e16bfd1a922">
		<InternalInfo>
			<xr:GeneratedType name="EnumRef.PAPI_ТелоОтвета" category="Ref">
				<xr:TypeId>939d2f1c-7e35-441e-8760-cd24c911ce02</xr:TypeId>
				<xr:ValueId>45a09a0d-3cd3-4997-aa83-6e61bef431db</xr:ValueId>
			</xr:GeneratedType>
			<xr:GeneratedType name="EnumManager.PAPI_ТелоОтвета" category="Manager">
				<xr:TypeId>08462b4e-c7ff-4c0c-b11b-1ce0cf7b1a25</xr:TypeId>
				<xr:ValueId>df177d29-9cf0-44c9-9e96-d1e2ce5b17b2</xr:ValueId>
			</xr:GeneratedType>
			<xr:GeneratedType name="EnumList.PAPI_ТелоОтвета" category="List">
				<xr:TypeId>42fe52b8-7379-4255-86bd-ba13d2e6df3b</xr:TypeId>
				<xr:ValueId>4344fe06-1ccc-4482-a5d1-8a78b2f077a4</xr:ValueId>
			</xr:GeneratedType>
		</InternalInfo>
		<Properties>
			<Name>PAPI_ТелоОтвета</Name>
			<Synonym>
				<v8:item>
					<v8:lang>ru</v8:lang>
					<v8:content>PAPI: Тело ответа</v8:content>
				</v8:item>
			</Synonym>
			<Comment/>
			<UseStandardCommands>false</UseStandardCommands>
			<StandardAttributes>
				<xr:StandardAttribute name="Order">
					<xr:LinkByType/>
					<xr:FillChecking>DontCheck</xr:FillChecking>
					<xr:MultiLine>false</xr:MultiLine>
					<xr:FillFromFillingValue>false</xr:FillFromFillingValue>
					<xr:CreateOnInput>Auto</xr:CreateOnInput>
					<xr:MaxValue xsi:nil="true"/>
					<xr:ToolTip/>
					<xr:ExtendedEdit>false</xr:ExtendedEdit>
					<xr:Format/>
					<xr:ChoiceForm/>
					<xr:QuickChoice>Auto</xr:QuickChoice>
					<xr:ChoiceHistoryOnInput>Auto</xr:ChoiceHistoryOnInput>
					<xr:EditFormat/>
					<xr:PasswordMode>false</xr:PasswordMode>
					<xr:DataHistory>Use</xr:DataHistory>
					<xr:MarkNegatives>false</xr:MarkNegatives>
					<xr:MinValue xsi:nil="true"/>
					<xr:Synonym/>
					<xr:Comment/>
					<xr:FullTextSearch>Use</xr:FullTextSearch>
					<xr:ChoiceParameterLinks/>
					<xr:FillValue xsi:nil="true"/>
					<xr:Mask/>
					<xr:ChoiceParameters/>
				</xr:StandardAttribute>
				<xr:StandardAttribute name="Ref">
					<xr:LinkByType/>
					<xr:FillChecking>DontCheck</xr:FillChecking>
					<xr:MultiLine>false</xr:MultiLine>
					<xr:FillFromFillingValue>false</xr:FillFromFillingValue>
					<xr:CreateOnInput>Auto</xr:CreateOnInput>
					<xr:MaxValue xsi:nil="true"/>
					<xr:ToolTip/>
					<xr:ExtendedEdit>false</xr:ExtendedEdit>
					<xr:Format/>
					<xr:ChoiceForm/>
					<xr:QuickChoice>Auto</xr:QuickChoice>
					<xr:ChoiceHistoryOnInput>Auto</xr:ChoiceHistoryOnInput>
					<xr:EditFormat/>
					<xr:PasswordMode>false</xr:PasswordMode>
					<xr:DataHistory>Use</xr:DataHistory>
					<xr:MarkNegatives>false</xr:MarkNegatives>
					<xr:MinValue xsi:nil="true"/>
					<xr:Synonym/>
					<xr:Comment/>
					<xr:FullTextSearch>Use</xr:FullTextSearch>
					<xr:ChoiceParameterLinks/>
					<xr:FillValue xsi:nil="true"/>
					<xr:Mask/>
					<xr:ChoiceParameters/>
				</xr:StandardAttribute>
			</StandardAttributes>
			<Characteristics/>
			<QuickChoice>true</QuickChoice>
			<ChoiceMode>BothWays</ChoiceMode>
			<DefaultListForm/>
			<DefaultChoiceForm/>
			<AuxiliaryListForm/>
			<AuxiliaryChoiceForm/>
			<ListPresentation/>
			<ExtendedListPresentation>
				<v8:item>
					<v8:lang>ru</v8:lang>
					<v8:content>Тело ответа</v8:content>
				</v8:item>
			</ExtendedListPresentation>
			<Explanation>
				<v8:item>
					<v8:lang>ru</v8:lang>
					<v8:content>Строка - УстановитьТелоИзСтроки()
Файл - УстановитьИмяФайлаТела()
ДвоичныеДанные - УстановитьТелоИзДвоичныхДанных()</v8:content>
				</v8:item>
			</Explanation>
			<ChoiceHistoryOnInput>Auto</ChoiceHistoryOnInput>
		</Properties>
		<ChildObjects>
			<EnumValue uuid="7cedabb6-af10-464c-adc1-2867e6a4c781">
				<Properties>
					<Name>ДвоичныеДанные</Name>
					<Synonym>
						<v8:item>
							<v8:lang>ru</v8:lang>
							<v8:content>Двоичные данные</v8:content>
						</v8:item>
					</Synonym>
					<Comment>Устанавливает тело HTTP-ответа из двоичных данных</Comment>
				</Properties>
			</EnumValue>
			<EnumValue uuid="15aed9a4-dec7-4751-b72f-1fb2ba247975">
				<Properties>
					<Name>Строка</Name>
					<Synonym>
						<v8:item>
							<v8:lang>ru</v8:lang>
							<v8:content>Строка</v8:content>
						</v8:item>
					</Synonym>
					<Comment>Устанавливает тело ответа из строки</Comment>
				</Properties>
			</EnumValue>
			<EnumValue uuid="89c50752-280b-4669-bd54-2ffa661500dd">
				<Properties>
					<Name>Файл</Name>
					<Synonym>
						<v8:item>
							<v8:lang>ru</v8:lang>
							<v8:content>Файл</v8:content>
						</v8:item>
					</Synonym>
					<Comment>Устанавливает имя файла, из которого будет прочитано тело HTTP-ответа</Comment>
				</Properties>
			</EnumValue>
		</ChildObjects>
	</Enum>
</MetaDataObject>